0,0,0
0.05,0,0
0.1,0,0
0.15,0,0
0.2,0,0
0.25,0,0
0.3,0,0
0.35,0,0
0.4,0,0
0.45,0,0
0.5,0,0
0.55,0,0
0.6,0,0
0.65,0,0
0.7,0,0
0.75,0,0
0.8,0,0
0.85,0,0
0.9,0,0
0.95,0,0
1,0,0
1.05,0,0
1.1,0,0
1.15,0,0
1.2,0,0
1.25,0,0
1.3,0,0
1.35,0,0
1.4,0,0
1.45,0,0
1.5,0,0
1.55,0,0
1.6,0,0
1.65,0,0
1.7,0,0
1.75,0,0
1.8,0,0
1.85,0,0
1.9,0,0
1.95,0,0
2,0,0
2.05,0,0
2.1,0,0
2.15,0,0
2.2,0,0
2.25,0,0
2.3,0,0
2.35,0,0
2.4,0,0
2.45,0,0
2.5,0,0
2.55,0,0
2.6,0,0
2.65,0,0
2.7,0,0
2.75,0,0
2.8,0,0
2.85,0,0
2.9,0,0
2.95,0,0
3,0,0
3.05,0,0
3.1,0,0
3.15,0,0
3.2,0,0
3.25,0,0
3.3,0,0
3.35,0,0
3.4,0,0
3.45,0,0
3.5,0,0
3.55,0,0
3.6,0,0
3.65,0,0
3.7,0,0
3.75,0,0
3.8,0,0
3.85,0,0
3.9,0,0
3.95,0,0
4,0,0
4.05,0,0
4.1,0,0
4.15,0,0
4.2,0,0
4.25,0,0
4.3,0,0
4.35,0,0
4.4,0,0
4.45,0,0
4.5,0,0
4.55,0,0
4.6,0,0
4.65,0,0
4.7,0,0
4.75,0,0
4.8,0,0
4.85,0,0
4.9,0,0
4.95,0,0
5,0,0
5.05,0,0
5.1,0,0
5.15,0,0
5.2,0,0
5.25,0,0
5.3,0,0
5.35,0,0
5.4,0,0
5.45,0,0
5.5,0,0
5.55,0,0
5.6,0,0
5.65,0,0
5.7,0,0
5.75,0,0
5.8,0,0
5.85,0,0
5.9,0,0
5.95,0,0
6,0,0
6.05,0,0
6.1,0,0
6.15,0,0
6.2,0,0
6.25,0,0
6.3,0,0
6.35,0,0
6.4,0,0
6.45,0,0
6.5,0,0
6.55,0,0
6.6,0,0
6.65,0,0
6.7,0,0
6.75,0,0
6.8,0,0
6.85,0,0
6.9,0,0
6.95,0,0
7,0,0
7.05,0,0
7.1,0,0
7.15,0,0
7.2,0,0
7.25,0,0
7.3,0,0
7.35,0,0
7.4,0,0
7.45,0,0
7.5,0,0
7.55,0,0
7.6,0,0
7.65,0,0
7.7,0,0
7.75,0,0
7.8,0,0
7.85,0,0
7.9,0,0
7.95,0,0
8,0,0
8.05,0,0
8.1,0,0
8.15,0,0
8.2,0,0
8.25,0,0
8.3,0,0
8.35,0,0
8.4,0,0
8.45,0,0
8.5,0,0
8.55,0,0
8.6,0,0
8.65,0,0
8.7,0,0
8.75,0,0
8.8,0,0
8.85,0,0
8.9,0,0
8.95,0,0
9,0,0
9.05,0,0
9.1,0,0
9.15,0,0
9.2,0,0
9.25,0,0
9.3,0,6.44
9.35,0,6.51
9.4,0,6.58
9.45,0,6.66
9.5,0,6.73
9.55,0,6.8
9.6,0,6.87
9.65,0,6.94
9.7,0.23,7.01
9.75,0.23,7.08
9.8,0.23,7.15
9.85,0.24,7.23
9.9,0.24,7.3
9.95,0.24,7.37
10,0.25,7.44
10.05,0.25,7.51
10.1,0.25,7.58
10.15,0.25,7.66
10.2,0.26,7.73
10.25,0.26,7.8
10.3,0.26,7.87
10.35,0.26,7.95
10.4,0.26,8.02
10.45,0.26,8.09
10.5,0.26,8.16
10.55,0.25,8.24
10.6,0.25,8.31
10.65,0.25,8.38
10.7,0.24,8.45
10.75,0.24,8.5
10.8,0.24,8.55
10.85,0.23,8.6
10.9,0.23,8.65
10.95,0.22,8.71
11,0.21,8.76
11.05,0.2,8.81
11.1,0.18,8.86
11.15,0.16,8.91
11.2,0.15,8.97
11.25,0.13,9.02
11.3,0.11,9.04
11.35,0.09,9.03
11.4,0.07,9.02
11.45,0.05,9.02
11.5,0.03,9.01
11.55,0.02,9
11.6,0.01,9
11.65,0.01,8.99
11.7,0.01,8.98
11.75,0,8.98
11.8,0,8.97
11.85,0,8.96
11.9,0,8.95
11.95,-0.01,8.93
12,-0.01,8.92
12.05,-0.01,8.9
12.1,-0.01,8.89
12.15,-0.01,8.87
12.2,-0.01,8.86
12.25,-0.01,8.84
12.3,0,8.83
12.35,0,8.81
12.4,0.01,8.8
12.45,0.01,8.79
12.5,0.01,8.79
12.55,0.02,8.79
12.6,0.02,8.79
12.65,0.03,8.79
12.7,0.03,8.78
12.75,0.03,8.78
12.8,0.04,8.78
12.85,0.04,8.78
12.9,0.05,8.78
12.95,0.05,8.77
13,0.06,8.77
13.05,0.06,8.79
13.1,0.07,8.8
13.15,0.07,8.82
13.2,0.08,8.83
13.25,0.08,8.84
13.3,0.09,8.86
13.35,0.09,8.87
13.4,0.1,8.89
13.45,0.1,8.9
13.5,0.1,8.92
13.55,0.11,8.93
13.6,0.11,8.95
13.65,0.11,8.98
13.7,0.12,9
13.75,0.12,9.02
13.8,0.12,9.05
13.85,0.12,9.07
13.9,0.13,9.1
13.95,0.13,9.12
14,0.13,9.15
14.05,0.13,9.17
14.1,0.13,9.19
14.15,0.13,9.22
14.2,0.14,9.25
14.25,0.14,9.27
14.3,0.14,9.3
14.35,0.14,9.33
14.4,0.14,9.36
14.45,0.14,9.38
14.5,0.14,9.41
14.55,0.13,9.44
14.6,0.13,9.46
14.65,0.12,9.49
14.7,0.12,9.52
14.75,0.11,9.53
14.8,0.11,9.54
14.85,0.1,9.56
14.9,0.1,9.57
14.95,0.1,9.59
15,0.09,9.6
15.05,0.09,9.61
15.1,0.08,9.63
15.15,0.08,9.64
15.2,0.08,9.66
15.25,0.07,9.66
15.3,0.07,9.67
15.35,0.07,9.67
15.4,0.06,9.68
15.45,0.06,9.68
15.5,0.05,9.68
15.55,0.05,9.69
15.6,0.05,9.69
15.65,0.04,9.7
15.7,0.03,9.7
15.75,0.03,9.7
15.8,0.02,9.7
15.85,0.02,9.69
15.9,0.01,9.68
15.95,0.01,9.67
16,0.01,9.66
16.05,0,9.65
16.1,0,9.64
16.15,0,9.63
16.2,0,9.62
16.25,0,9.61
16.3,0,9.6
16.35,0,9.59
16.4,0,9.58
16.45,0,9.56
16.5,0,9.55
16.55,0,9.54
16.6,0,9.53
16.65,0,9.52
16.7,0,9.51
16.75,0,9.5
16.8,0,9.49
16.85,0,9.48
16.9,-0.01,9.47
16.95,-0.01,9.46
17,-0.01,9.44
17.05,-0.01,9.43
17.1,-0.01,9.42
17.15,-0.01,9.4
17.2,-0.01,9.39
17.25,-0.01,9.38
17.3,-0.01,9.36
17.35,-0.01,9.35
17.4,-0.01,9.34
17.45,-0.01,9.32
17.5,-0.01,9.31
17.55,-0.02,9.29
17.6,-0.02,9.28
17.65,-0.02,9.26
17.7,-0.01,9.25
17.75,-0.01,9.23
17.8,-0.01,9.22
17.85,0,9.2
17.9,0,9.19
17.95,0,9.18
18,0,9.17
18.05,0.01,9.17
18.1,0.01,9.16
18.15,0.01,9.15
18.2,0.02,9.15
18.25,0.02,9.14
18.3,0.02,9.14
18.35,0.02,9.13
18.4,0.02,9.12
18.45,0.03,9.12
18.5,0.03,9.11
18.55,0.03,9.11
18.6,0.03,9.11
18.65,0.04,9.12
18.7,0.04,9.12
18.75,0.04,9.12
18.8,0.04,9.12
18.85,0.04,9.12
18.9,0.04,9.12
18.95,0.04,9.12
19,0.04,9.12
19.05,0.04,9.12
19.1,0.04,9.12
19.15,0.04,9.12
19.2,0.04,9.12
19.25,0.04,9.12
19.3,0.04,9.12
19.35,0.04,9.13
19.4,0.04,9.13
19.45,0.04,9.13
19.5,0.04,9.13
19.55,0.04,9.13
19.6,0.04,9.13
19.65,0.04,9.13
19.7,0.04,9.13
19.75,0.04,9.13
19.8,0.04,9.13
19.85,0.04,9.14
19.9,0.04,9.14
19.95,0.04,9.14
20,0.04,9.14
20.05,0.04,9.14
20.1,0.05,9.14
20.15,0.05,9.14
20.2,0.05,9.14
20.25,0.05,9.15
20.3,0.05,9.15
20.35,0.05,9.15
20.4,0.05,9.16
20.45,0.05,9.16
20.5,0.06,9.17
20.55,0.06,9.17
20.6,0.07,9.17
20.65,0.08,9.18
20.7,0.08,9.18
20.75,0.09,9.19
20.8,0.1,9.21
20.85,0.1,9.24
20.9,0.11,9.26
20.95,0.12,9.28
21,0.12,9.3
21.05,0.12,9.33
21.1,0.13,9.35
21.15,0.13,9.37
21.2,0.13,9.39
21.25,0.13,9.42
21.3,0.14,9.44
21.35,0.14,9.47
21.4,0.14,9.5
21.45,0.14,9.52
21.5,0.15,9.55
21.55,0.15,9.58
21.6,0.15,9.61
21.65,0.15,9.64
21.7,0.15,9.66
21.75,0.15,9.69
21.8,0.15,9.72
21.85,0.15,9.75
21.9,0.15,9.78
21.95,0.15,9.8
22,0.15,9.83
22.05,0.15,9.86
22.1,0.15,9.88
22.15,0.15,9.91
22.2,0.15,9.94
22.25,0.15,9.97
22.3,0.15,9.99
22.35,0.15,10.02
22.4,0.15,10.04
22.45,0.15,10.07
22.5,0.15,10.09
22.55,0.15,10.12
22.6,0.15,10.14
22.65,0.14,10.17
22.7,0.15,10.19
22.75,0.15,10.22
22.8,0.15,10.24
22.85,0.15,10.27
22.9,0.15,10.29
22.95,0.15,10.32
23,0.15,10.34
23.05,0.15,10.37
23.1,0.15,10.39
23.15,0.14,10.42
23.2,0.14,10.44
23.25,0.14,10.46
23.3,0.14,10.49
23.35,0.14,10.51
23.4,0.14,10.53
23.45,0.14,10.55
23.5,0.14,10.57
23.55,0.13,10.59
23.6,0.13,10.62
23.65,0.13,10.64
23.7,0.13,10.66
23.75,0.12,10.68
23.8,0.12,10.7
23.85,0.12,10.71
23.9,0.11,10.73
23.95,0.11,10.74
24,0.1,10.75
24.05,0.1,10.76
24.1,0.1,10.78
24.15,0.1,10.79
24.2,0.09,10.8
24.25,0.09,10.81
24.3,0.09,10.83
24.35,0.08,10.83
24.4,0.08,10.84
24.45,0.08,10.84
24.5,0.07,10.85
24.55,0.07,10.86
24.6,0.05,10.86
24.65,0.04,10.87
24.7,0.03,10.88
24.75,0.01,10.88
24.8,0,10.87
24.85,-0.02,10.84
24.9,-0.03,10.82
24.95,-0.04,10.8
25,-0.05,10.77
25.05,-0.06,10.75
25.1,-0.06,10.72
25.15,-0.06,10.7
25.2,-0.05,10.68
25.25,-0.05,10.65
25.3,-0.05,10.63
25.35,-0.05,10.61
25.4,-0.05,10.59
25.45,-0.05,10.56
25.5,-0.05,10.54
25.55,-0.05,10.52
25.6,-0.04,10.5
25.65,-0.04,10.47
25.7,-0.04,10.45
25.75,-0.04,10.43
25.8,-0.03,10.42
25.85,-0.03,10.4
25.9,-0.03,10.38
25.95,-0.02,10.37
26,-0.02,10.35
26.05,-0.02,10.34
26.1,-0.02,10.32
26.15,-0.02,10.3
26.2,-0.03,10.29
26.25,-0.03,10.27
26.3,-0.03,10.25
26.35,-0.03,10.24
26.4,-0.03,10.22
26.45,-0.03,10.2
26.5,-0.03,10.18
26.55,-0.03,10.16
26.6,-0.03,10.15
26.65,-0.03,10.13
26.7,-0.03,10.11
26.75,-0.03,10.09
26.8,-0.03,10.08
26.85,-0.03,10.06
26.9,-0.03,10.04
26.95,-0.03,10.02
27,-0.03,10.01
27.05,-0.03,9.99
27.1,-0.03,9.97
27.15,-0.03,9.96
27.2,-0.03,9.94
27.25,-0.02,9.92
27.3,-0.02,9.9
27.35,-0.02,9.89
27.4,-0.02,9.87
27.45,-0.02,9.86
27.5,-0.02,9.84
27.55,-0.02,9.82
27.6,-0.02,9.81
27.65,-0.02,9.79
27.7,-0.02,9.78
27.75,-0.02,9.76
27.8,-0.02,9.75
27.85,-0.01,9.73
27.9,-0.01,9.72
27.95,-0.01,9.71
28,-0.01,9.69
28.05,-0.01,9.68
28.1,-0.01,9.67
28.15,-0.01,9.65
28.2,-0.01,9.64
28.25,-0.01,9.63
28.3,-0.01,9.62
28.35,-0.01,9.6
28.4,-0.01,9.59
28.45,-0.01,9.58
28.5,-0.01,9.56
28.55,-0.01,9.55
28.6,-0.01,9.54
28.65,-0.01,9.52
28.7,-0.01,9.51
28.75,-0.01,9.5
28.8,-0.01,9.48
28.85,-0.01,9.47
28.9,-0.01,9.46
28.95,-0.01,9.44
29,-0.01,9.43
29.05,-0.01,9.42
29.1,-0.01,9.4
29.15,-0.01,9.39
29.2,-0.01,9.38
29.25,-0.01,9.37
29.3,-0.01,9.35
29.35,-0.01,9.34
29.4,-0.01,9.33
29.45,-0.01,9.31
29.5,-0.01,9.3
29.55,-0.01,9.29
29.6,-0.01,9.28
29.65,-0.01,9.27
29.7,-0.01,9.25
29.75,-0.01,9.24
29.8,0,9.23
29.85,0,9.22
29.9,0,9.2
29.95,0,9.19
30,0,9.18
30.05,0,9.17
30.1,0,9.16
30.15,0,9.15
30.2,0.01,9.14
30.25,0.01,9.13
30.3,0.02,9.12
30.35,0.03,9.12
30.4,0.03,9.11
30.45,0.04,9.1
30.5,0.05,9.09
30.55,0.06,9.11
30.6,0.07,9.12
30.65,0.07,9.14
30.7,0.08,9.15
30.75,0.09,9.17
30.8,0.09,9.18
30.85,0.1,9.2
30.9,0.1,9.21
30.95,0.1,9.22
31,0.1,9.24
31.05,0.11,9.26
31.1,0.11,9.28
31.15,0.11,9.3
31.2,0.11,9.32
31.25,0.12,9.34
31.3,0.12,9.36
31.35,0.12,9.38
31.4,0.12,9.41
31.45,0.12,9.43
31.5,0.12,9.45
31.55,0.12,9.47
31.6,0.11,9.49
31.65,0.11,9.51
31.7,0.11,9.53
31.75,0.11,9.54
31.8,0.11,9.56
31.85,0.11,9.58
31.9,0.11,9.6
31.95,0.11,9.62
32,0.11,9.63
32.05,0.11,9.65
32.1,0.11,9.67
32.15,0.11,9.69
32.2,0.1,9.7
32.25,0.1,9.72
32.3,0.1,9.73
32.35,0.1,9.75
32.4,0.1,9.76
32.45,0.1,9.78
32.5,0.1,9.8
32.55,0.1,9.81
32.6,0.1,9.83
32.65,0.1,9.84
32.7,0.1,9.86
32.75,0.1,9.87
32.8,0.1,9.89
32.85,0.1,9.9
32.9,0.1,9.92
32.95,0.1,9.94
33,0.1,9.95
33.05,0.11,9.97
33.1,0.11,9.98
33.15,0.11,10
33.2,0.11,10.01
33.25,0.11,10.03
33.3,0.11,10.05
33.35,0.11,10.06
33.4,0.11,10.08
33.45,0.11,10.09
33.5,0.11,10.11
33.55,0.11,10.12
33.6,0.11,10.14
33.65,0.11,10.16
33.7,0.11,10.17
33.75,0.11,10.19
33.8,0.11,10.2
33.85,0.11,10.22
33.9,0.11,10.23
33.95,0.11,10.25
34,0.11,10.26
34.05,0.11,10.28
34.1,0.11,10.29
34.15,0.11,10.31
34.2,0.11,10.32
34.25,0.11,10.34
34.3,0.11,10.35
34.35,0.11,10.37
34.4,0.11,10.39
34.45,0.11,10.4
34.5,0.11,10.42
34.55,0.11,10.43
34.6,0.11,10.45
34.65,0.1,10.46
34.7,0.1,10.48
34.75,0.1,10.49
34.8,0.1,10.5
34.85,0.1,10.52
34.9,0.1,10.53
34.95,0.1,10.54
35,0.09,10.55
35.05,0.09,10.57
35.1,0.08,10.58
35.15,0.08,10.59
35.2,0.08,10.6
35.25,0.07,10.6
35.3,0.07,10.6
35.35,0.07,10.61
35.4,0.06,10.61
35.45,0.06,10.62
35.5,0.06,10.62
35.55,0.06,10.62
35.6,0.06,10.63
35.65,0.06,10.63
35.7,0.06,10.63
35.75,0.06,10.63
35.8,0.06,10.64
35.85,0.05,10.64
35.9,0.05,10.64
35.95,0.05,10.64
36,0.04,10.65
36.05,0.03,10.65
36.1,0.03,10.65
36.15,0.02,10.65
36.2,0.01,10.63
36.25,0,10.62
36.3,0,10.6
36.35,-0.01,10.59
36.4,-0.01,10.58
36.45,-0.01,10.56
36.5,-0.01,10.55
36.55,-0.01,10.54
36.6,-0.01,10.52
36.65,-0.01,10.51
36.7,-0.01,10.5
36.75,-0.02,10.48
36.8,-0.02,10.47
36.85,-0.02,10.45
36.9,-0.01,10.44
36.95,-0.01,10.42
37,-0.01,10.41
37.05,-0.01,10.39
37.1,-0.01,10.38
37.15,0,10.37
37.2,0,10.36
37.25,0,10.35
37.3,0,10.34
37.35,0,10.33
37.4,0.01,10.32
37.45,0.01,10.32
37.5,0.01,10.31
37.55,0.01,10.3
37.6,0.01,10.29
37.65,0.01,10.28
37.7,0.01,10.27
37.75,0.01,10.26
37.8,0.01,10.25
37.85,0.01,10.24
37.9,0.01,10.23
37.95,0.01,10.22
38,0.01,10.21
38.05,0.01,10.2
38.1,0.01,10.2
38.15,0.01,10.19
38.2,0.01,10.18
38.25,0.01,10.17
38.3,0.01,10.16
38.35,0.01,10.15
38.4,0.01,10.14
38.45,0.01,10.13
38.5,0.01,10.12
38.55,0.01,10.11
38.6,0.01,10.1
38.65,0.01,10.1
38.7,0.01,10.09
38.75,0.01,10.08
38.8,0.01,10.07
38.85,0.01,10.06
38.9,0.01,10.05
38.95,0.01,10.04
39,0.01,10.03
39.05,0.01,10.02
39.1,0.01,10.02
39.15,0.01,10.01
39.2,0.01,10
39.25,0.01,9.99
39.3,0.01,9.98
39.35,0.01,9.97
39.4,0.01,9.96
39.45,0.01,9.95
39.5,0.01,9.95
39.55,0.01,9.94
39.6,0.01,9.93
39.65,0.01,9.92
39.7,0.01,9.91
39.75,0.01,9.9
39.8,0.01,9.89
39.85,0.01,9.88
39.9,0.01,9.88
39.95,0.01,9.87
40,0.01,9.86
40.05,0.01,9.85
40.1,0.01,9.84
40.15,0.01,9.83
40.2,0.01,9.82
40.25,0.01,9.82
40.3,0.01,9.81
40.35,0.01,9.8
40.4,0.01,9.79
40.45,0.01,9.78
40.5,0.01,9.78
40.55,0.01,9.77
40.6,0.01,9.76
40.65,0.01,9.75
40.7,0.01,9.75
40.75,0.01,9.74
40.8,0.01,9.73
40.85,0.01,9.72
40.9,0.01,9.71
40.95,0.01,9.71
41,0.01,9.7
41.05,0.01,9.69
41.1,0.01,9.68
41.15,0.01,9.68
41.2,0.01,9.67
41.25,0.01,9.66
41.3,0.01,9.65
41.35,0.01,9.64
41.4,0.01,9.64
41.45,0.01,9.63
41.5,0.01,9.62
41.55,0.01,9.61
41.6,0.01,9.6
41.65,0.01,9.6
41.7,0.01,9.59
41.75,0.01,9.58
41.8,0.01,9.57
41.85,0.01,9.56
41.9,0.01,9.55
41.95,0.01,9.54
42,0.01,9.54
42.05,0.01,9.53
42.1,0.01,9.52
42.15,0.01,9.51
42.2,0.01,9.5
42.25,0.01,9.49
42.3,0.01,9.48
42.35,0.01,9.48
42.4,0.01,9.47
42.45,0.01,9.46
42.5,0.01,9.45
42.55,0.01,9.44
42.6,0.01,9.43
42.65,0.01,9.43
42.7,0.01,9.42
42.75,0.01,9.41
42.8,0.01,9.4
42.85,0.01,9.39
42.9,0.01,9.39
42.95,0.01,9.38
43,0.01,9.37
43.05,0.01,9.36
43.1,0.01,9.35
43.15,0.01,9.34
43.2,0.01,9.34
43.25,0.01,9.33
43.3,0.01,9.32
43.35,0.01,9.31
43.4,0.01,9.3
43.45,0.01,9.3
43.5,0.01,9.29
43.55,0.02,9.29
43.6,0.02,9.28
43.65,0.02,9.27
43.7,0.02,9.27
43.75,0.03,9.26
43.8,0.03,9.26
43.85,0.04,9.25
43.9,0.05,9.24
43.95,0.05,9.25
44,0.06,9.26
44.05,0.06,9.27
44.1,0.07,9.28
44.15,0.07,9.29
44.2,0.08,9.3
44.25,0.08,9.31
44.3,0.08,9.32
44.35,0.09,9.34
44.4,0.09,9.35
44.45,0.09,9.36
44.5,0.09,9.37
44.55,0.09,9.39
44.6,0.1,9.4
44.65,0.1,9.42
44.7,0.1,9.44
44.75,0.1,9.45
44.8,0.1,9.47
44.85,0.1,9.49
44.9,0.1,9.5
44.95,0.1,9.52
45,0.1,9.54
45.05,0.1,9.55
45.1,0.1,9.57
45.15,0.1,9.59
45.2,0.1,9.6
45.25,0.1,9.62
45.3,0.1,9.64
45.35,0.1,9.65
45.4,0.1,9.67
45.45,0.1,9.69
45.5,0.1,9.7
45.55,0.1,9.72
45.6,0.1,9.73
45.65,0.1,9.75
45.7,0.1,9.76
45.75,0.1,9.78
45.8,0.1,9.8
45.85,0.1,9.81
45.9,0.1,9.83
45.95,0.1,9.84
46,0.1,9.86
46.05,0.1,9.87
46.1,0.1,9.89
46.15,0.1,9.9
46.2,0.1,9.92
46.25,0.1,9.93
46.3,0.1,9.95
46.35,0.1,9.96
46.4,0.1,9.98
46.45,0.1,9.99
46.5,0.1,10.01
46.55,0.1,10.02
46.6,0.1,10.04
46.65,0.1,10.05
46.7,0.1,10.07
46.75,0.11,10.08
46.8,0.11,10.1
46.85,0.11,10.11
46.9,0.11,10.13
46.95,0.11,10.15
47,0.11,10.16
47.05,0.1,10.18
47.1,0.1,10.19
47.15,0.1,10.21
47.2,0.1,10.22
47.25,0.1,10.24
47.3,0.1,10.25
47.35,0.1,10.26
47.4,0.1,10.28
47.45,0.1,10.29
47.5,0.1,10.31
47.55,0.1,10.32
47.6,0.1,10.34
47.65,0.1,10.35
47.7,0.1,10.36
47.75,0.1,10.38
47.8,0.1,10.39
47.85,0.1,10.4
47.9,0.09,10.41
47.95,0.09,10.43
48,0.09,10.44
48.05,0.09,10.45
48.1,0.09,10.46
48.15,0.08,10.47
48.2,0.08,10.48
48.25,0.08,10.49
48.3,0.08,10.49
48.35,0.07,10.5
48.4,0.07,10.51
48.45,0.07,10.52
48.5,0.06,10.52
48.55,0.06,10.53
48.6,0.06,10.53
48.65,0.05,10.53
48.7,0.05,10.53
48.75,0.05,10.53
48.8,0.04,10.53
48.85,0.04,10.53
48.9,0.04,10.53
48.95,0.04,10.53
49,0.04,10.53
49.05,0.04,10.52
49.1,0.04,10.52
49.15,0.04,10.52
49.2,0.03,10.52
49.25,0.03,10.51
49.3,0.03,10.51
49.35,0.03,10.51
49.4,0.03,10.51
49.45,0.03,10.5
49.5,0.04,10.5
49.55,0.04,10.5
49.6,0.04,10.5
49.65,0.04,10.49
49.7,0.04,10.49
49.75,0.04,10.49
49.8,0.04,10.49
49.85,0.04,10.49
49.9,0.04,10.49
49.95,0.03,10.49
50,0.03,10.48
50.05,0.03,10.48
50.1,0.03,10.48
50.15,0.03,10.47
50.2,0.03,10.47
50.25,0.03,10.46
50.3,0.02,10.46
50.35,0.02,10.46
50.4,0.02,10.45
50.45,0.01,10.45
50.5,0.01,10.44
50.55,0.01,10.43
50.6,0,10.42
50.65,0,10.41
50.7,0,10.4
50.75,0,10.38
50.8,0,10.37
50.85,0,10.36
50.9,0,10.35
50.95,0.01,10.33
51,0.01,10.32
51.05,0.01,10.32
51.1,0.02,10.31
51.15,0.02,10.31
51.2,0.03,10.31
51.25,0.03,10.3
51.3,0.03,10.3
51.35,0.03,10.3
51.4,0.03,10.29
51.45,0.04,10.29
51.5,0.04,10.29
51.55,0.04,10.29
51.6,0.04,10.29
51.65,0.04,10.29
51.7,0.04,10.29
51.75,0.04,10.29
51.8,0.05,10.29
51.85,0.05,10.29
51.9,0.05,10.29
51.95,0.05,10.29
52,0.05,10.29
52.05,0.05,10.29
52.1,0.05,10.29
52.15,0.05,10.29
52.2,0.05,10.3
52.25,0.05,10.3
52.3,0.05,10.3
52.35,0.05,10.3
52.4,0.05,10.3
52.45,0.05,10.31
52.5,0.05,10.31
52.55,0.05,10.31
52.6,0.05,10.31
52.65,0.05,10.32
52.7,0.05,10.32
52.75,0.05,10.32
52.8,0.05,10.32
52.85,0.05,10.33
52.9,0.06,10.33
52.95,0.06,10.33
53,0.06,10.33
53.05,0.06,10.34
53.1,0.06,10.34
53.15,0.06,10.34
53.2,0.06,10.35
53.25,0.06,10.35
53.3,0.06,10.35
53.35,0.06,10.35
53.4,0.05,10.36
53.45,0.05,10.36
53.5,0.05,10.36
53.55,0.05,10.36
53.6,0.05,10.37
53.65,0.05,10.37
53.7,0.05,10.37
53.75,0.05,10.37
53.8,0.05,10.37
53.85,0.05,10.38
53.9,0.05,10.38
53.95,0.05,10.38
54,0.05,10.38
54.05,0.05,10.38
54.1,0.05,10.39
54.15,0.05,10.39
54.2,0.05,10.39
54.25,0.05,10.39
54.3,0.05,10.39
54.35,0.05,10.4
54.4,0.05,10.4
54.45,0.05,10.4
54.5,0.05,10.4
54.55,0.05,10.41
54.6,0.05,10.41
54.65,0.05,10.41
54.7,0.05,10.41
54.75,0.05,10.41
54.8,0.05,10.42
54.85,0.05,10.42
54.9,0.05,10.42
54.95,0.05,10.42
55,0.05,10.43
55.05,0.05,10.43
55.1,0.05,10.43
55.15,0.05,10.43
55.2,0.05,10.43
55.25,0.05,10.44
55.3,0.05,10.44
55.35,0.05,10.44
55.4,0.05,10.44
55.45,0.06,10.45
55.5,0.06,10.45
55.55,0.06,10.45
55.6,0.06,10.45
55.65,0.06,10.46
55.7,0.06,10.46
55.75,0.06,10.46
55.8,0.06,10.47
55.85,0.06,10.47
55.9,0.05,10.47
55.95,0.05,10.47
56,0.05,10.48
56.05,0.05,10.48
56.1,0.05,10.48
56.15,0.05,10.48
56.2,0.05,10.48
56.25,0.05,10.48
56.3,0.05,10.49
56.35,0.05,10.49
56.4,0.05,10.49
56.45,0.05,10.49
56.5,0.05,10.49
56.55,0.05,10.5
56.6,0.05,10.5
56.65,0.05,10.5
56.7,0.05,10.5
56.75,0.05,10.51
56.8,0.06,10.51
56.85,0.06,10.51
56.9,0.06,10.51
56.95,0.06,10.51
57,0.06,10.52
57.05,0.06,10.52
57.1,0.06,10.52
57.15,0.06,10.53
57.2,0.06,10.53
57.25,0.06,10.53
57.3,0.06,10.54
57.35,0.06,10.54
57.4,0.06,10.54
57.45,0.05,10.55
57.5,0.05,10.55
57.55,0.05,10.55
57.6,0.05,10.55
57.65,0.05,10.55
57.7,0.05,10.55
57.75,0.05,10.55
57.8,0.05,10.55
57.85,0.05,10.56
57.9,0.05,10.56
57.95,0.05,10.56
58,0.05,10.56
58.05,0.05,10.56
58.1,0.05,10.56
58.15,0.05,10.56
58.2,0.05,10.56
58.25,0.05,10.57
58.3,0.04,10.57
58.35,0.04,10.57
58.4,0.04,10.57
58.45,0.04,10.57
58.5,0.03,10.56
58.55,0.03,10.56
58.6,0.03,10.55
58.65,0.03,10.55
58.7,0.02,10.54
58.75,0.02,10.54
58.8,0.02,10.53
58.85,0.02,10.53
58.9,0.02,10.52
58.95,0.02,10.52
59,0.02,10.51
59.05,0.02,10.5
59.1,0.01,10.49
59.15,0.01,10.49
59.2,0.01,10.48
59.25,0.01,10.47
59.3,0.01,10.47
59.35,0.01,10.46
59.4,0.01,10.45
59.45,0.02,10.44
59.5,0.02,10.44
59.55,0.02,10.43
59.6,0.02,10.42
59.65,0.02,10.42
59.7,0.02,10.41
59.75,0.02,10.4
59.8,0.02,10.4
59.85,0.02,10.39
59.9,0.02,10.38
59.95,0.02,10.38
60,0.02,10.37
60.05,0.02,10.36
60.1,0.02,10.36
60.15,0.02,10.35
60.2,0.02,10.34
60.25,0.02,10.34
60.3,0.02,10.33
60.35,0.02,10.32
60.4,0.02,10.31
60.45,0.01,10.31
60.5,0.01,10.3
60.55,0.01,10.29
60.6,0.01,10.29
60.65,0.01,10.28
60.7,0.01,10.27
60.75,0.01,10.27
60.8,0.01,10.26
60.85,0.01,10.25
60.9,0.01,10.24
60.95,0.01,10.24
61,0.01,10.23
61.05,0.01,10.22
61.1,0.01,10.21
61.15,0.01,10.21
61.2,0.01,10.2
61.25,0.01,10.19
61.3,0.01,10.19
61.35,0.01,10.18
61.4,0.02,10.17
61.45,0.02,10.17
61.5,0.02,10.16
61.55,0.02,10.15
61.6,0.02,10.15
61.65,0.02,10.14
61.7,0.02,10.13
61.75,0.02,10.13
61.8,0.02,10.12
61.85,0.02,10.11
61.9,0.02,10.11
61.95,0.02,10.1
62,0.01,10.09
62.05,0.01,10.08
62.1,0.01,10.08
62.15,0.01,10.07
62.2,0.01,10.06
62.25,0.01,10.06
62.3,0.01,10.05
62.35,0.01,10.04
62.4,0.01,10.04
62.45,0.01,10.03
62.5,0.01,10.02
62.55,0.01,10.02
62.6,0.02,10.01
62.65,0.02,10
62.7,0.02,9.99
62.75,0.02,9.99
62.8,0.02,9.98
62.85,0.02,9.97
62.9,0.02,9.97
62.95,0.02,9.96
63,0.02,9.96
63.05,0.02,9.95
63.1,0.02,9.94
63.15,0.02,9.94
63.2,0.02,9.93
63.25,0.02,9.93
63.3,0.02,9.92
63.35,0.02,9.91
63.4,0.02,9.91
63.45,0.02,9.9
63.5,0.02,9.9
63.55,0.02,9.89
63.6,0.02,9.89
63.65,0.02,9.88
63.7,0.02,9.87
63.75,0.02,9.87
63.8,0.02,9.86
63.85,0.02,9.86
63.9,0.02,9.85
63.95,0.02,9.84
64,0.02,9.84
64.05,0.02,9.83
64.1,0.02,9.83
64.15,0.02,9.82
64.2,0.02,9.81
64.25,0.02,9.81
64.3,0.02,9.8
64.35,0.02,9.79
64.4,0.02,9.79
64.45,0.02,9.78
64.5,0.02,9.78
64.55,0.02,9.77
64.6,0.02,9.76
64.65,0.02,9.76
64.7,0.02,9.75
64.75,0.02,9.75
64.8,0.02,9.74
64.85,0.02,9.74
64.9,0.02,9.73
64.95,0.02,9.72
65,0.02,9.72
65.05,0.02,9.71
65.1,0.02,9.71
65.15,0.02,9.7
65.2,0.02,9.7
65.25,0.02,9.69
65.3,0.02,9.69
65.35,0.02,9.68
65.4,0.02,9.68
65.45,0.02,9.67
65.5,0.02,9.66
65.55,0.02,9.66
65.6,0.02,9.65
65.65,0.02,9.65
65.7,0.02,9.64
65.75,0.02,9.64
65.8,0.02,9.63
65.85,0.02,9.63
65.9,0.02,9.62
65.95,0.02,9.62
66,0.02,9.61
66.05,0.02,9.61
66.1,0.02,9.6
66.15,0.02,9.6
66.2,0.02,9.59
66.25,0.02,9.59
66.3,0.02,9.58
66.35,0.02,9.58
66.4,0.02,9.57
66.45,0.02,9.57
66.5,0.02,9.56
66.55,0.02,9.55
66.6,0.02,9.55
66.65,0.02,9.54
66.7,0.02,9.54
66.75,0.02,9.53
66.8,0.02,9.53
66.85,0.02,9.52
66.9,0.02,9.51
66.95,0.02,9.51
67,0.02,9.5
67.05,0.02,9.5
67.1,0.02,9.49
67.15,0.02,9.48
67.2,0.02,9.48
67.25,0.02,9.47
67.3,0.02,9.47
67.35,0.02,9.46
67.4,0.02,9.46
67.45,0.02,9.45
67.5,0.02,9.45
67.55,0.02,9.44
67.6,0.03,9.44
67.65,0.03,9.43
67.7,0.03,9.43
67.75,0.03,9.43
67.8,0.03,9.43
67.85,0.03,9.43
67.9,0.03,9.42
67.95,0.03,9.42
68,0.04,9.42
68.05,0.04,9.42
68.1,0.04,9.42
68.15,0.04,9.42
68.2,0.04,9.41
68.25,0.04,9.42
68.3,0.04,9.42
68.35,0.05,9.42
68.4,0.05,9.42
68.45,0.05,9.43
68.5,0.05,9.43
68.55,0.05,9.43
68.6,0.05,9.43
68.65,0.05,9.44
68.7,0.05,9.44
68.75,0.05,9.44
68.8,0.05,9.44
68.85,0.05,9.44
68.9,0.05,9.44
68.95,0.04,9.44
69,0.04,9.45
69.05,0.04,9.45
69.1,0.04,9.45
69.15,0.04,9.45
69.2,0.04,9.45
69.25,0.05,9.45
69.3,0.05,9.45
69.35,0.05,9.45
69.4,0.05,9.46
69.45,0.05,9.46
69.5,0.05,9.46
69.55,0.05,9.46
69.6,0.05,9.46
69.65,0.05,9.46
69.7,0.05,9.47
69.75,0.05,9.47
69.8,0.05,9.47
69.85,0.05,9.47
69.9,0.05,9.47
69.95,0.05,9.48
70,0.05,9.48
70.05,0.05,9.48
70.1,0.05,9.49
70.15,0.05,9.49
70.2,0.05,9.49
70.25,0.06,9.5
70.3,0.06,9.5
70.35,0.06,9.5
70.4,0.06,9.51
70.45,0.06,9.51
70.5,0.06,9.52
70.55,0.06,9.53
70.6,0.07,9.54
70.65,0.07,9.54
70.7,0.07,9.55
70.75,0.07,9.56
70.8,0.07,9.56
70.85,0.07,9.57
70.9,0.07,9.58
70.95,0.07,9.58
71,0.07,9.59
71.05,0.07,9.6
71.1,0.07,9.61
71.15,0.07,9.61
71.2,0.07,9.62
71.25,0.07,9.63
71.3,0.07,9.63
71.35,0.07,9.64
71.4,0.07,9.65
71.45,0.07,9.65
71.5,0.07,9.66
71.55,0.07,9.67
71.6,0.07,9.67
71.65,0.07,9.68
71.7,0.06,9.69
71.75,0.06,9.69
71.8,0.06,9.7
71.85,0.06,9.7
71.9,0.06,9.71
71.95,0.06,9.72
72,0.05,9.72
72.05,0.05,9.72
72.1,0.05,9.72
72.15,0.05,9.72
72.2,0.05,9.73
72.25,0.05,9.73
72.3,0.05,9.73
72.35,0.05,9.73
72.4,0.05,9.73
72.45,0.05,9.73
72.5,0.05,9.74
72.55,0.05,9.74
72.6,0.05,9.74
72.65,0.05,9.74
72.7,0.05,9.74
72.75,0.05,9.74
72.8,0.05,9.74
72.85,0.05,9.75
72.9,0.05,9.75
72.95,0.05,9.75
73,0.05,9.75
73.05,0.06,9.75
73.1,0.06,9.76
73.15,0.06,9.77
73.2,0.06,9.77
73.25,0.06,9.78
73.3,0.06,9.78
73.35,0.06,9.79
73.4,0.06,9.79
73.45,0.06,9.8
73.5,0.06,9.81
73.55,0.06,9.81
73.6,0.06,9.82
73.65,0.06,9.82
73.7,0.06,9.83
73.75,0.06,9.83
73.8,0.06,9.84
73.85,0.06,9.85
73.9,0.06,9.85
73.95,0.07,9.86
74,0.07,9.86
74.05,0.07,9.87
74.1,0.07,9.88
74.15,0.07,9.88
74.2,0.07,9.89
74.25,0.07,9.89
74.3,0.07,9.9
74.35,0.07,9.91
74.4,0.07,9.91
74.45,0.07,9.92
74.5,0.07,9.93
74.55,0.07,9.93
74.6,0.07,9.94
74.65,0.07,9.94
74.7,0.07,9.95
74.75,0.07,9.96
74.8,0.07,9.96
74.85,0.07,9.97
74.9,0.07,9.98
74.95,0.07,9.98
75,0.07,9.99
75.05,0.07,10
75.1,0.07,10
75.15,0.07,10.01
75.2,0.07,10.01
75.25,0.07,10.02
75.3,0.07,10.03
75.35,0.07,10.03
75.4,0.07,10.04
75.45,0.07,10.04
75.5,0.07,10.05
75.55,0.06,10.05
75.6,0.06,10.06
75.65,0.06,10.07
75.7,0.06,10.07
75.75,0.06,10.08
75.8,0.06,10.08
75.85,0.06,10.09
75.9,0.06,10.09
75.95,0.06,10.1
76,0.06,10.1
76.05,0.06,10.11
76.1,0.06,10.11
76.15,0.06,10.12
76.2,0.06,10.12
76.25,0.06,10.12
76.3,0.06,10.13
76.35,0.06,10.13
76.4,0.06,10.14
76.45,0.06,10.14
76.5,0.06,10.15
76.55,0.06,10.15
76.6,0.06,10.15
76.65,0.06,10.16
76.7,0.06,10.16
76.75,0.06,10.17
76.8,0.06,10.17
76.85,0.06,10.18
76.9,0.06,10.18
76.95,0.06,10.19
77,0.06,10.19
77.05,0.06,10.2
77.1,0.06,10.2
77.15,0.06,10.21
77.2,0.06,10.21
77.25,0.06,10.22
77.3,0.06,10.22
77.35,0.06,10.23
77.4,0.06,10.23
77.45,0.06,10.23
77.5,0.06,10.24
77.55,0.06,10.24
77.6,0.06,10.25
77.65,0.06,10.25
77.7,0.06,10.26
77.75,0.06,10.26
77.8,0.06,10.26
77.85,0.06,10.27
77.9,0.06,10.27
77.95,0.06,10.28
78,0.06,10.28
78.05,0.06,10.28
78.1,0.06,10.29
78.15,0.06,10.29
78.2,0.06,10.3
78.25,0.06,10.3
78.3,0.06,10.31
78.35,0.06,10.31
78.4,0.06,10.31
78.45,0.06,10.32
78.5,0.06,10.32
78.55,0.06,10.33
78.6,0.06,10.33
78.65,0.06,10.34
78.7,0.06,10.34
78.75,0.06,10.35
78.8,0.06,10.35
78.85,0.06,10.35
78.9,0.06,10.36
78.95,0.06,10.36
79,0.06,10.37
79.05,0.06,10.37
79.1,0.06,10.38
79.15,0.06,10.38
79.2,0.06,10.38
79.25,0.06,10.39
79.3,0.06,10.39
79.35,0.06,10.39
79.4,0.06,10.39
79.45,0.06,10.4
79.5,0.06,10.4
79.55,0.06,10.4
79.6,0.06,10.41
79.65,0.06,10.41
79.7,0.06,10.42
79.75,0.06,10.42
79.8,0.06,10.43
79.85,0.06,10.43
79.9,0.06,10.43
79.95,0.06,10.44
80,0.06,10.44
80.05,0.06,10.45
80.1,0.06,10.45
80.15,0.06,10.46
80.2,0.06,10.46
80.25,0.06,10.46
80.3,0.06,10.47
80.35,0.06,10.47
80.4,0.06,10.48
80.45,0.06,10.48
80.5,0.06,10.48
80.55,0.06,10.49
80.6,0.06,10.49
80.65,0.06,10.5
80.7,0.06,10.5
80.75,0.06,10.5
80.8,0.06,10.51
80.85,0.06,10.51
80.9,0.06,10.52
80.95,0.06,10.52
81,0.06,10.52
81.05,0.06,10.53
81.1,0.06,10.53
81.15,0.06,10.54
81.2,0.06,10.54
81.25,0.06,10.54
81.3,0.06,10.55
81.35,0.06,10.55
81.4,0.06,10.55
81.45,0.06,10.56
81.5,0.06,10.56
81.55,0.06,10.57
81.6,0.06,10.57
81.65,0.06,10.58
81.7,0.06,10.58
81.75,0.06,10.58
81.8,0.06,10.59
81.85,0.06,10.59
81.9,0.06,10.6
81.95,0.06,10.6
82,0.06,10.61
82.05,0.06,10.61
82.1,0.06,10.61
82.15,0.06,10.62
82.2,0.06,10.62
82.25,0.06,10.63
82.3,0.06,10.63
82.35,0.06,10.63
82.4,0.06,10.64
82.45,0.06,10.64
82.5,0.06,10.64
82.55,0.05,10.65
82.6,0.05,10.65
82.65,0.05,10.65
82.7,0.05,10.65
82.75,0.05,10.65
82.8,0.05,10.65
82.85,0.05,10.65
82.9,0.05,10.65
82.95,0.05,10.65
83,0.05,10.65
83.05,0.05,10.65
83.1,0.05,10.65
83.15,0.05,10.65
83.2,0.05,10.65
83.25,0.05,10.65
83.3,0.04,10.65
83.35,0.04,10.65
83.4,0.04,10.65
83.45,0.04,10.65
83.5,0.04,10.65
83.55,0.04,10.65
83.6,0.04,10.65
83.65,0.04,10.65
83.7,0.04,10.65
83.75,0.04,10.65
83.8,0.04,10.64
83.85,0.04,10.64
83.9,0.04,10.64
83.95,0.04,10.64
84,0.04,10.64
84.05,0.04,10.64
84.1,0.04,10.64
84.15,0.04,10.64
84.2,0.04,10.64
84.25,0.04,10.64
84.3,0.04,10.64
84.35,0.04,10.64
84.4,0.04,10.63
84.45,0.04,10.63
84.5,0.04,10.63
84.55,0.04,10.63
84.6,0.04,10.63
84.65,0.04,10.63
84.7,0.04,10.62
84.75,0.04,10.62
84.8,0.03,10.62
84.85,0.03,10.62
84.9,0.03,10.62
84.95,0.03,10.61
85,0.03,10.61
85.05,0.03,10.6
85.1,0.03,10.6
85.15,0.02,10.59
85.2,0.02,10.59
85.25,0.02,10.58
85.3,0.02,10.58
85.35,0.02,10.57
85.4,0.02,10.57
85.45,0.02,10.56
85.5,0.02,10.55
85.55,0.02,10.55
85.6,0.02,10.54
85.65,0.02,10.54
85.7,0.02,10.53
85.75,0.02,10.52
85.8,0.02,10.52
85.85,0.02,10.51
85.9,0.02,10.51
85.95,0.02,10.5
86,0.02,10.49
86.05,0.02,10.49
86.1,0.02,10.48
86.15,0.02,10.47
86.2,0.02,10.47
86.25,0.02,10.46
86.3,0.02,10.46
86.35,0.02,10.45
86.4,0.02,10.44
86.45,0.02,10.44
86.5,0.02,10.43
86.55,0.02,10.43
86.6,0.02,10.42
86.65,0.02,10.41
86.7,0.02,10.41
86.75,0.02,10.4
86.8,0.02,10.4
86.85,0.02,10.39
86.9,0.02,10.38
86.95,0.02,10.38
87,0.02,10.37
87.05,0.02,10.37
87.1,0.02,10.36
87.15,0.02,10.36
87.2,0.02,10.35
87.25,0.02,10.34
87.3,0.02,10.34
87.35,0.02,10.33
87.4,0.02,10.33
87.45,0.02,10.32
87.5,0.02,10.32
87.55,0.02,10.31
87.6,0.02,10.31
87.65,0.02,10.3
87.7,0.02,10.3
87.75,0.02,10.29
87.8,0.02,10.29
87.85,0.02,10.28
87.9,0.02,10.28
87.95,0.02,10.27
88,0.02,10.27
88.05,0.02,10.26
88.1,0.02,10.26
88.15,0.02,10.26
88.2,0.02,10.25
88.25,0.03,10.25
88.3,0.03,10.24
88.35,0.03,10.24
88.4,0.03,10.23
88.45,0.03,10.23
88.5,0.03,10.22
88.55,0.03,10.22
88.6,0.03,10.22
88.65,0.03,10.21
88.7,0.03,10.21
88.75,0.03,10.21
88.8,0.03,10.2
88.85,0.03,10.2
88.9,0.03,10.2
88.95,0.03,10.19
89,0.03,10.19
89.05,0.03,10.18
89.1,0.03,10.18
89.15,0.03,10.18
89.2,0.03,10.17
89.25,0.03,10.17
89.3,0.03,10.17
89.35,0.03,10.16
89.4,0.03,10.16
89.45,0.03,10.15
89.5,0.03,10.15
89.55,0.03,10.14
89.6,0.03,10.14
89.65,0.03,10.14
89.7,0.03,10.13
89.75,0.03,10.13
89.8,0.03,10.12
89.85,0.03,10.12
89.9,0.03,10.11
89.95,0.03,10.11
90,0.03,10.11
90.05,0.03,10.1
90.1,0.03,10.1
90.15,0.03,10.09
90.2,0.03,10.09
90.25,0.03,10.09
90.3,0.03,10.08
90.35,0.03,10.08
90.4,0.03,10.07
90.45,0.03,10.07
90.5,0.03,10.07
90.55,0.03,10.06
90.6,0.03,10.06
90.65,0.03,10.06
90.7,0.03,10.05
90.75,0.03,10.05
90.8,0.03,10.04
90.85,0.03,10.04
90.9,0.03,10.04
90.95,0.03,10.03
91,0.03,10.03
91.05,0.03,10.03
91.1,0.03,10.02
91.15,0.03,10.02
91.2,0.03,10.02
91.25,0.03,10.01
91.3,0.03,10.01
91.35,0.03,10.01
91.4,0.03,10
91.45,0.03,10
91.5,0.03,10
91.55,0.03,9.99
91.6,0.03,9.99
91.65,0.03,9.99
91.7,0.03,9.99
91.75,0.03,9.98
91.8,0.03,9.98
91.85,0.03,9.98
91.9,0.03,9.97
91.95,0.03,9.97
92,0.03,9.97
92.05,0.03,9.97
92.1,0.03,9.96
92.15,0.03,9.96
92.2,0.03,9.96
92.25,0.03,9.96
92.3,0.03,9.95
92.35,0.03,9.95
92.4,0.03,9.95
92.45,0.03,9.95
92.5,0.03,9.94
92.55,0.03,9.94
92.6,0.03,9.94
92.65,0.03,9.93
92.7,0.03,9.93
92.75,0.03,9.93
92.8,0.03,9.93
92.85,0.03,9.92
92.9,0.03,9.92
92.95,0.03,9.92
93,0.03,9.91
93.05,0.03,9.91
93.1,0.03,9.91
93.15,0.03,9.9
93.2,0.03,9.9
93.25,0.03,9.9
93.3,0.03,9.89
93.35,0.03,9.89
93.4,0.03,9.89
93.45,0.03,9.89
93.5,0.03,9.88
93.55,0.03,9.88
93.6,0.03,9.88
93.65,0.03,9.87
93.7,0.03,9.87
93.75,0.03,9.87
93.8,0.03,9.86
93.85,0.03,9.86
93.9,0.03,9.86
93.95,0.03,9.85
94,0.03,9.85
94.05,0.03,9.85
94.1,0.03,9.84
94.15,0.03,9.84
94.2,0.03,9.84
94.25,0.03,9.83
94.3,0.03,9.83
94.35,0.03,9.83
94.4,0.03,9.82
94.45,0.03,9.82
94.5,0.03,9.82
94.55,0.03,9.81
94.6,0.03,9.81
94.65,0.03,9.81
94.7,0.03,9.8
94.75,0.03,9.8
94.8,0.03,9.8
94.85,0.03,9.8
94.9,0.03,9.79
94.95,0.03,9.79
95,0.03,9.79
95.05,0.03,9.79
95.1,0.03,9.78
95.15,0.03,9.78
95.2,0.03,9.78
95.25,0.03,9.77
95.3,0.03,9.77
95.35,0.03,9.77
95.4,0.03,9.77
95.45,0.03,9.76
95.5,0.03,9.76
95.55,0.03,9.76
95.6,0.03,9.76
95.65,0.03,9.75
95.7,0.03,9.75
95.75,0.03,9.75
95.8,0.03,9.74
95.85,0.03,9.74
95.9,0.03,9.74
95.95,0.03,9.73
96,0.03,9.73
96.05,0.03,9.73
96.1,0.03,9.73
96.15,0.03,9.72
96.2,0.03,9.72
96.25,0.03,9.72
96.3,0.03,9.71
96.35,0.03,9.71
96.4,0.03,9.71
96.45,0.03,9.71
96.5,0.03,9.7
96.55,0.03,9.7
96.6,0.03,9.7
96.65,0.03,9.7
96.7,0.03,9.69
96.75,0.03,9.69
96.8,0.03,9.69
96.85,0.03,9.69
96.9,0.03,9.69
96.95,0.03,9.68
97,0.03,9.68
97.05,0.03,9.68
97.1,0.03,9.68
97.15,0.03,9.68
97.2,0.03,9.67
97.25,0.03,9.67
97.3,0.03,9.67
97.35,0.03,9.67
97.4,0.03,9.66
97.45,0.03,9.66
97.5,0.03,9.66
97.55,0.03,9.66
97.6,0.03,9.65
97.65,0.03,9.65
97.7,0.03,9.65
97.75,0.03,9.65
97.8,0.03,9.64
97.85,0.03,9.64
97.9,0.03,9.64
97.95,0.03,9.64
98,0.03,9.63
98.05,0.03,9.63
98.1,0.03,9.63
98.15,0.03,9.62
98.2,0.03,9.62
98.25,0.03,9.62
98.3,0.03,9.62
98.35,0.03,9.61
98.4,0.03,9.61
98.45,0.03,9.61
98.5,0.03,9.61
98.55,0.03,9.6
98.6,0.03,9.6
98.65,0.03,9.6
98.7,0.03,9.6
98.75,0.03,9.59
98.8,0.03,9.59
98.85,0.03,9.59
98.9,0.03,9.59
98.95,0.03,9.58
99,0.03,9.58
99.05,0.03,9.58
99.1,0.03,9.58
99.15,0.03,9.57
99.2,0.03,9.57
99.25,0.03,9.57
99.3,0.03,9.57
99.35,0.03,9.56
99.4,0.03,9.56
99.45,0.03,9.56
99.5,0.03,9.56
99.55,0.03,9.56
99.6,0.03,9.55
99.65,0.03,9.55
99.7,0.03,9.55
99.75,0.03,9.55
99.8,0.03,9.55
99.85,0.03,9.54
99.9,0.03,9.54
99.95,0.03,9.54
100,0.03,9.54
100.05,0.03,9.54
100.1,0.03,9.54
100.15,0.03,9.53
100.2,0.03,9.53
100.25,0.03,9.53
100.3,0.03,9.53
100.35,0.03,9.53
100.4,0.03,9.53
100.45,0.03,9.52
100.5,0.03,9.52
100.55,0.03,9.52
100.6,0.03,9.51
100.65,0.03,9.51
100.7,0.03,9.51
100.75,0.03,9.51
100.8,0.03,9.5
100.85,0.03,9.5
100.9,0.03,9.5
100.95,0.03,9.49
101,0.03,9.49
101.05,0.03,9.49
101.1,0.03,9.49
101.15,0.03,9.48
101.2,0.03,9.48
101.25,0.03,9.48
101.3,0.03,9.48
101.35,0.03,9.47
101.4,0.03,9.47
101.45,0.03,9.47
101.5,0.03,9.47
101.55,0.03,9.46
101.6,0.03,9.46
101.65,0.03,9.46
101.7,0.03,9.46
101.75,0.03,9.45
101.8,0.03,9.45
101.85,0.03,9.45
101.9,0.03,9.44
101.95,0.03,9.44
102,0.03,9.44
102.05,0.03,9.44
102.1,0.03,9.43
102.15,0.03,9.43
102.2,0.03,9.43
102.25,0.03,9.43
102.3,0.03,9.43
102.35,0.03,9.42
102.4,0.04,9.42
102.45,0.04,9.42
102.5,0.04,9.42
102.55,0.04,9.41
102.6,0.04,9.42
102.65,0.05,9.42
102.7,0.05,9.43
102.75,0.05,9.43
102.8,0.05,9.43
102.85,0.06,9.44
102.9,0.06,9.44
102.95,0.06,9.45
103,0.06,9.45
103.05,0.06,9.45
103.1,0.07,9.46
103.15,0.07,9.47
103.2,0.07,9.48
103.25,0.07,9.49
103.3,0.07,9.5
103.35,0.08,9.51
103.4,0.08,9.52
103.45,0.08,9.53
103.5,0.08,9.54
103.55,0.08,9.55
103.6,0.08,9.56
103.65,0.08,9.56
103.7,0.08,9.57
103.75,0.08,9.58
103.8,0.08,9.59
103.85,0.08,9.6
103.9,0.08,9.61
103.95,0.08,9.62
104,0.08,9.63
104.05,0.08,9.64
104.1,0.08,9.65
104.15,0.08,9.66
104.2,0.08,9.66
104.25,0.08,9.67
104.3,0.08,9.68
104.35,0.07,9.69
104.4,0.07,9.7
104.45,0.08,9.71
104.5,0.08,9.72
104.55,0.08,9.73
104.6,0.08,9.73
104.65,0.08,9.74
104.7,0.08,9.75
104.75,0.08,9.76
104.8,0.08,9.77
104.85,0.08,9.78
104.9,0.08,9.79
104.95,0.08,9.8
105,0.08,9.81
105.05,0.08,9.82
105.1,0.08,9.83
105.15,0.08,9.83
105.2,0.08,9.84
105.25,0.08,9.85
105.3,0.08,9.86
105.35,0.08,9.87
105.4,0.08,9.88
105.45,0.08,9.89
105.5,0.08,9.9
105.55,0.08,9.91
105.6,0.08,9.92
105.65,0.08,9.93
105.7,0.08,9.93
105.75,0.08,9.94
105.8,0.08,9.95
105.85,0.08,9.96
105.9,0.08,9.97
105.95,0.08,9.98
106,0.08,9.99
106.05,0.08,10
106.1,0.08,10.01
106.15,0.08,10.02
106.2,0.08,10.03
106.25,0.08,10.04
106.3,0.08,10.04
106.35,0.08,10.05
106.4,0.08,10.06
106.45,0.08,10.07
106.5,0.08,10.08
106.55,0.08,10.09
106.6,0.08,10.1
106.65,0.08,10.11
106.7,0.08,10.11
106.75,0.08,10.12
106.8,0.08,10.13
106.85,0.08,10.14
106.9,0.08,10.15
106.95,0.08,10.16
107,0.08,10.16
107.05,0.08,10.17
107.1,0.08,10.18
107.15,0.08,10.19
107.2,0.08,10.2
107.25,0.08,10.21
107.3,0.08,10.21
107.35,0.08,10.22
107.4,0.08,10.23
107.45,0.08,10.24
107.5,0.08,10.25
107.55,0.08,10.25
107.6,0.08,10.26
107.65,0.08,10.27
107.7,0.08,10.28
107.75,0.08,10.29
107.8,0.08,10.3
107.85,0.08,10.3
107.9,0.08,10.31
107.95,0.08,10.32
108,0.08,10.33
108.05,0.08,10.34
108.1,0.08,10.35
108.15,0.08,10.36
108.2,0.08,10.36
108.25,0.08,10.37
108.3,0.08,10.38
108.35,0.08,10.39
108.4,0.08,10.4
108.45,0.08,10.4
108.5,0.08,10.41
108.55,0.08,10.42
108.6,0.08,10.43
108.65,0.08,10.43
108.7,0.08,10.44
108.75,0.08,10.45
108.8,0.08,10.46
108.85,0.08,10.46
108.9,0.08,10.47
108.95,0.08,10.48
109,0.08,10.48
109.05,0.08,10.49
109.1,0.08,10.5
109.15,0.08,10.51
109.2,0.08,10.51
109.25,0.08,10.52
109.3,0.08,10.53
109.35,0.08,10.54
109.4,0.08,10.54
109.45,0.08,10.55
109.5,0.08,10.56
109.55,0.08,10.57
109.6,0.08,10.57
109.65,0.08,10.58
109.7,0.08,10.59
109.75,0.08,10.6
109.8,0.08,10.61
109.85,0.08,10.61
109.9,0.08,10.62
109.95,0.08,10.63
110,0.08,10.64
110.05,0.08,10.64
110.1,0.08,10.65
110.15,0.08,10.66
110.2,0.08,10.67
110.25,0.08,10.67
110.3,0.08,10.68
110.35,0.08,10.69
110.4,0.08,10.7
110.45,0.08,10.71
110.5,0.08,10.71
110.55,0.08,10.72
110.6,0.07,10.73
110.65,0.07,10.74
110.7,0.07,10.74
110.75,0.07,10.75
110.8,0.07,10.75
110.85,0.07,10.76
110.9,0.07,10.76
110.95,0.06,10.77
111,0.06,10.77
111.05,0.06,10.78
111.1,0.06,10.78
111.15,0.05,10.79
111.2,0.05,10.78
111.25,0.05,10.78
111.3,0.05,10.78
111.35,0.04,10.78
111.4,0.04,10.78
111.45,0.04,10.78
111.5,0.04,10.78
111.55,0.04,10.78
111.6,0.04,10.77
111.65,0.04,10.77
111.7,0.04,10.77
111.75,0.04,10.77
111.8,0.04,10.77
111.85,0.04,10.77
111.9,0.04,10.77
111.95,0.04,10.77
112,0.04,10.76
112.05,0.04,10.76
112.1,0.04,10.76
112.15,0.04,10.76
112.2,0.04,10.76
112.25,0.04,10.76
112.3,0.04,10.76
112.35,0.04,10.76
112.4,0.04,10.75
112.45,0.04,10.75
112.5,0.04,10.75
112.55,0.04,10.75
112.6,0.04,10.75
112.65,0.04,10.75
112.7,0.04,10.75
112.75,0.04,10.74
112.8,0.04,10.74
112.85,0.04,10.74
112.9,0.04,10.74
112.95,0.04,10.74
113,0.04,10.74
113.05,0.04,10.74
113.1,0.04,10.73
113.15,0.04,10.73
113.2,0.04,10.73
113.25,0.04,10.73
113.3,0.04,10.73
113.35,0.04,10.73
113.4,0.04,10.73
113.45,0.04,10.73
113.5,0.04,10.72
113.55,0.04,10.72
113.6,0.04,10.72
113.65,0.04,10.72
113.7,0.04,10.72
113.75,0.04,10.72
113.8,0.04,10.72
113.85,0.04,10.72
113.9,0.04,10.72
113.95,0.04,10.72
114,0.04,10.71
114.05,0.04,10.71
114.1,0.04,10.71
114.15,0.04,10.71
114.2,0.04,10.71
114.25,0.04,10.71
114.3,0.04,10.71
114.35,0.04,10.71
114.4,0.04,10.71
114.45,0.04,10.7
114.5,0.04,10.7
114.55,0.04,10.7
114.6,0.04,10.7
114.65,0.04,10.7
114.7,0.04,10.7
114.75,0.04,10.7
114.8,0.04,10.7
114.85,0.04,10.7
114.9,0.04,10.69
114.95,0.04,10.69
115,0.04,10.69
115.05,0.04,10.69
115.1,0.04,10.69
115.15,0.04,10.69
115.2,0.04,10.69
115.25,0.04,10.69
115.3,0.04,10.68
115.35,0.04,10.68
115.4,0.04,10.68
115.45,0.04,10.68
115.5,0.04,10.68
115.55,0.04,10.68
115.6,0.04,10.68
115.65,0.04,10.68
115.7,0.04,10.68
115.75,0.04,10.68
115.8,0.04,10.68
115.85,0.04,10.68
115.9,0.04,10.68
115.95,0.04,10.68
116,0.04,10.68
116.05,0.04,10.68
116.1,0.04,10.67
116.15,0.04,10.67
116.2,0.04,10.67
116.25,0.04,10.67
116.3,0.04,10.67
116.35,0.04,10.67
116.4,0.04,10.67
116.45,0.04,10.67
116.5,0.04,10.67
116.55,0.04,10.67
116.6,0.04,10.67
116.65,0.04,10.67
116.7,0.04,10.67
116.75,0.04,10.67
116.8,0.04,10.67
116.85,0.04,10.67
116.9,0.04,10.67
116.95,0.04,10.66
117,0.04,10.66
117.05,0.04,10.66
117.1,0.04,10.66
117.15,0.04,10.66
117.2,0.04,10.66
117.25,0.04,10.66
117.3,0.04,10.66
117.35,0.04,10.66
117.4,0.04,10.65
117.45,0.03,10.65
117.5,0.03,10.65
117.55,0.03,10.64
117.6,0.03,10.64
117.65,0.03,10.64
117.7,0.03,10.63
117.75,0.02,10.63
117.8,0.02,10.63
117.85,0.02,10.62
117.9,0.01,10.61
117.95,0.01,10.6
118,0.01,10.59
118.05,0.01,10.58
118.1,0.01,10.57
118.15,0.01,10.56
118.2,0.01,10.55
118.25,0.01,10.54
118.3,0.01,10.53
118.35,0.02,10.53
118.4,0.02,10.52
118.45,0.02,10.52
118.5,0.02,10.51
118.55,0.02,10.51
118.6,0.03,10.5
118.65,0.02,10.5
118.7,0.02,10.5
118.75,0.02,10.49
118.8,0.02,10.49
118.85,0.02,10.48
118.9,0.02,10.47
118.95,0.02,10.47
119,0.02,10.46
119.05,0.01,10.45
119.1,0.01,10.44
119.15,0.01,10.44
119.2,0.01,10.43
119.25,0.01,10.42
119.3,0,10.42
119.35,0,10.41
119.4,0,10.39
119.45,0,10.38
119.5,0,10.37
119.55,0,10.36
119.6,-0.01,10.35
119.65,-0.01,10.33
119.7,-0.01,10.32
119.75,-0.01,10.31
119.8,-0.01,10.3
119.85,-0.01,10.29
119.9,-0.01,10.27
119.95,-0.01,10.26
120,-0.01,10.25
120.05,-0.01,10.24
120.1,-0.01,10.22
120.15,0,10.21
120.2,0,10.2
120.25,0,10.19
120.3,0,10.17
120.35,0,10.16
120.4,0,10.16
120.45,0.01,10.15
120.5,0.01,10.14
120.55,0.01,10.13
120.6,0.01,10.12
120.65,0.01,10.11
120.7,0.01,10.11
120.75,0.01,10.1
120.8,0.01,10.09
120.85,0.02,10.08
120.9,0.02,10.08
120.95,0.02,10.07
121,0.02,10.07
121.05,0.02,10.06
121.1,0.02,10.06
121.15,0.02,10.05
121.2,0.02,10.05
121.25,0.02,10.04
121.3,0.02,10.04
121.35,0.02,10.03
121.4,0.02,10.02
121.45,0.02,10.02
121.5,0.02,10.01
121.55,0.02,10.01
121.6,0.02,10
121.65,0.02,10
121.7,0.02,9.99
121.75,0.02,9.99
121.8,0.02,9.98
121.85,0.02,9.98
121.9,0.02,9.97
121.95,0.02,9.97
122,0.02,9.96
122.05,0.02,9.96
122.1,0.02,9.95
122.15,0.02,9.94
122.2,0.02,9.94
122.25,0.02,9.93
122.3,0.02,9.93
122.35,0.02,9.92
122.4,0.02,9.92
122.45,0.02,9.91
122.5,0.02,9.91
122.55,0.02,9.9
122.6,0.02,9.89
122.65,0.02,9.89
122.7,0.02,9.88
122.75,0.02,9.88
122.8,0.02,9.87
122.85,0.02,9.87
122.9,0.02,9.86
122.95,0.02,9.85
123,0.02,9.85
123.05,0.02,9.84
123.1,0.02,9.83
123.15,0.02,9.83
123.2,0.02,9.82
123.25,0.02,9.81
123.3,0.02,9.81
123.35,0.02,9.8
123.4,0.02,9.8
123.45,0.02,9.79
123.5,0.02,9.78
123.55,0.02,9.78
123.6,0.02,9.77
123.65,0.02,9.76
123.7,0.02,9.76
123.75,0.02,9.75
123.8,0.02,9.74
123.85,0.02,9.74
123.9,0.02,9.73
123.95,0.02,9.73
124,0.02,9.72
124.05,0.02,9.72
124.1,0.02,9.71
124.15,0.02,9.71
124.2,0.02,9.7
124.25,0.02,9.7
124.3,0.02,9.69
124.35,0.02,9.69
124.4,0.02,9.68
124.45,0.02,9.68
124.5,0.02,9.67
124.55,0.02,9.66
124.6,0.02,9.66
124.65,0.02,9.65
124.7,0.02,9.65
124.75,0.02,9.64
124.8,0.02,9.64
124.85,0.02,9.63
124.9,0.02,9.62
124.95,0.02,9.62
125,0.02,9.61
125.05,0.02,9.61
125.1,0.02,9.6
125.15,0.02,9.6
125.2,0.02,9.59
125.25,0.02,9.58
125.3,0.02,9.58
125.35,0.02,9.57
125.4,0.02,9.57
125.45,0.02,9.56
125.5,0.02,9.56
125.55,0.02,9.55
125.6,0.02,9.55
125.65,0.02,9.54
125.7,0.02,9.54
125.75,0.02,9.53
125.8,0.02,9.53
125.85,0.02,9.53
125.9,0.02,9.52
125.95,0.02,9.52
126,0.02,9.51
126.05,0.02,9.51
126.1,0.02,9.51
126.15,0.02,9.5
126.2,0.02,9.5
126.25,0.02,9.49
126.3,0.02,9.49
126.35,0.02,9.48
126.4,0.02,9.48
126.45,0.02,9.48
126.5,0.02,9.47
126.55,0.02,9.47
126.6,0.02,9.46
126.65,0.02,9.46
126.7,0.02,9.46
126.75,0.02,9.45
126.8,0.02,9.45
126.85,0.02,9.44
126.9,0.02,9.44
126.95,0.02,9.44
127,0.02,9.43
127.05,0.02,9.43
127.1,0.02,9.42
127.15,0.02,9.42
127.2,0.02,9.42
127.25,0.02,9.41
127.3,0.02,9.41
127.35,0.02,9.4
127.4,0.02,9.4
127.45,0.02,9.39
127.5,0.02,9.39
127.55,0.02,9.39
127.6,0.02,9.38
127.65,0.02,9.38
127.7,0.02,9.37
127.75,0.02,9.37
127.8,0.02,9.36
127.85,0.02,9.36
127.9,0.02,9.35
127.95,0.02,9.35
128,0.02,9.35
128.05,0.03,9.34
128.1,0.03,9.34
128.15,0.03,9.33
128.2,0.03,9.33
128.25,0.03,9.33
128.3,0.03,9.32
128.35,0.03,9.32
128.4,0.03,9.32
128.45,0.03,9.32
128.5,0.03,9.32
128.55,0.04,9.32
128.6,0.04,9.32
128.65,0.04,9.32
128.7,0.04,9.32
128.75,0.04,9.32
128.8,0.04,9.31
128.85,0.04,9.31
128.9,0.04,9.31
128.95,0.04,9.31
129,0.03,9.31
129.05,0.03,9.31
129.1,0.03,9.31
129.15,0.03,9.31
129.2,0.03,9.31
129.25,0.03,9.3
129.3,0.03,9.3
129.35,0.03,9.3
129.4,0.03,9.3
129.45,0.03,9.3
129.5,0.03,9.3
129.55,0.03,9.3
129.6,0.03,9.3
129.65,0.03,9.3
129.7,0.03,9.29
129.75,0.04,9.29
129.8,0.04,9.29
129.85,0.04,9.29
129.9,0.04,9.29
129.95,0.04,9.29
130,0.04,9.29
130.05,0.04,9.29
130.1,0.04,9.29
130.15,0.04,9.28
130.2,0.04,9.28
130.25,0.04,9.28
130.3,0.04,9.28
130.35,0.04,9.28
130.4,0.04,9.28
130.45,0.04,9.28
130.5,0.04,9.28
130.55,0.04,9.28
130.6,0.04,9.28
130.65,0.04,9.27
130.7,0.04,9.27
130.75,0.04,9.27
130.8,0.04,9.27
130.85,0.03,9.27
130.9,0.03,9.27
130.95,0.03,9.27
131,0.03,9.27
131.05,0.03,9.27
131.1,0.03,9.26
131.15,0.03,9.26
131.2,0.03,9.26
131.25,0.03,9.26
131.3,0.03,9.26
131.35,0.03,9.26
131.4,0.04,9.26
131.45,0.04,9.25
131.5,0.04,9.25
131.55,0.04,9.25
131.6,0.04,9.25
131.65,0.04,9.25
131.7,0.04,9.25
131.75,0.04,9.25
131.8,0.04,9.25
131.85,0.04,9.25
131.9,0.04,9.25
131.95,0.04,9.25
132,0.04,9.25
132.05,0.05,9.26
132.1,0.05,9.26
132.15,0.05,9.26
132.2,0.05,9.26
132.25,0.05,9.27
132.3,0.05,9.27
132.35,0.05,9.28
132.4,0.05,9.28
132.45,0.05,9.28
132.5,0.05,9.29
132.55,0.05,9.29
132.6,0.05,9.3
132.65,0.05,9.3
132.7,0.05,9.3
132.75,0.06,9.31
132.8,0.06,9.31
132.85,0.06,9.32
132.9,0.06,9.32
132.95,0.06,9.33
133,0.06,9.33
133.05,0.06,9.33
133.1,0.06,9.34
133.15,0.06,9.34
133.2,0.06,9.35
133.25,0.06,9.35
133.3,0.06,9.36
133.35,0.06,9.36
133.4,0.06,9.37
133.45,0.06,9.37
133.5,0.06,9.37
133.55,0.06,9.38
133.6,0.06,9.38
133.65,0.06,9.39
133.7,0.06,9.39
133.75,0.06,9.4
133.8,0.06,9.4
133.85,0.06,9.41
133.9,0.06,9.41
133.95,0.06,9.41
134,0.06,9.42
134.05,0.06,9.42
134.1,0.05,9.43
134.15,0.05,9.43
134.2,0.05,9.43
134.25,0.05,9.44
134.3,0.05,9.44
134.35,0.05,9.45
134.4,0.05,9.45
134.45,0.05,9.45
134.5,0.05,9.46
134.55,0.05,9.46
134.6,0.05,9.46
134.65,0.05,9.47
134.7,0.05,9.47
134.75,0.05,9.47
134.8,0.05,9.48
134.85,0.05,9.48
134.9,0.05,9.48
134.95,0.05,9.49
135,0.05,9.49
135.05,0.05,9.5
135.1,0.05,9.5
135.15,0.05,9.5
135.2,0.05,9.51
135.25,0.05,9.51
135.3,0.05,9.51
135.35,0.05,9.52
135.4,0.05,9.52
135.45,0.05,9.53
135.5,0.05,9.53
135.55,0.05,9.53
135.6,0.06,9.54
135.65,0.06,9.54
135.7,0.06,9.54
135.75,0.06,9.55
135.8,0.06,9.55
135.85,0.07,9.56
135.9,0.07,9.56
135.95,0.07,9.57
136,0.07,9.58
136.05,0.08,9.59
136.1,0.08,9.6
136.15,0.08,9.61
136.2,0.08,9.62
136.25,0.09,9.63
136.3,0.09,9.64
136.35,0.09,9.65
136.4,0.1,9.66
136.45,0.1,9.68
136.5,0.1,9.7
136.55,0.11,9.72
136.6,0.11,9.74
136.65,0.12,9.76
136.7,0.12,9.78
136.75,0.12,9.8
136.8,0.12,9.82
136.85,0.12,9.84
136.9,0.12,9.86
136.95,0.12,9.88
137,0.12,9.9
137.05,0.12,9.92
137.1,0.12,9.94
137.15,0.13,9.96
137.2,0.13,9.98
137.25,0.13,10
137.3,0.13,10.02
137.35,0.13,10.04
137.4,0.13,10.06
137.45,0.13,10.09
137.5,0.13,10.11
137.55,0.13,10.13
137.6,0.13,10.15
137.65,0.13,10.17
137.7,0.13,10.19
137.75,0.12,10.21
137.8,0.12,10.23
137.85,0.12,10.25
137.9,0.12,10.27
137.95,0.11,10.29
138,0.11,10.31
138.05,0.11,10.32
138.1,0.1,10.33
138.15,0.1,10.34
138.2,0.1,10.36
138.25,0.1,10.37
138.3,0.1,10.38
138.35,0.09,10.39
138.4,0.09,10.41
138.45,0.09,10.42
138.5,0.09,10.43
138.55,0.09,10.44
138.6,0.09,10.45
138.65,0.09,10.46
138.7,0.09,10.47
138.75,0.09,10.48
138.8,0.08,10.49
138.85,0.08,10.5
138.9,0.08,10.51
138.95,0.07,10.52
139,0.07,10.53
139.05,0.06,10.53
139.1,0.06,10.53
139.15,0.06,10.53
139.2,0.05,10.53
139.25,0.05,10.54
139.3,0.05,10.54
139.35,0.05,10.54
139.4,0.05,10.54
139.45,0.05,10.54
139.5,0.05,10.54
139.55,0.04,10.54
139.6,0.04,10.54
139.65,0.04,10.54
139.7,0.04,10.54
139.75,0.04,10.54
139.8,0.04,10.54
139.85,0.04,10.54
139.9,0.04,10.54
139.95,0.04,10.53
140,0.04,10.53
140.05,0.04,10.53
140.1,0.04,10.53
140.15,0.04,10.53
140.2,0.04,10.53
140.25,0.04,10.53
140.3,0.04,10.53
140.35,0.04,10.53
140.4,0.04,10.53
140.45,0.04,10.53
140.5,0.04,10.53
140.55,0.04,10.53
140.6,0.04,10.53
140.65,0.04,10.53
140.7,0.04,10.53
140.75,0.03,10.53
140.8,0.03,10.53
140.85,0.02,10.52
140.9,0.02,10.52
140.95,0.01,10.52
141,0.01,10.5
141.05,0,10.49
141.1,0,10.48
141.15,0,10.47
141.2,-0.01,10.46
141.25,-0.01,10.44
141.3,-0.01,10.43
141.35,-0.01,10.42
141.4,-0.01,10.41
141.45,-0.01,10.39
141.5,-0.01,10.38
141.55,-0.01,10.37
141.6,-0.01,10.35
141.65,-0.01,10.34
141.7,-0.01,10.32
141.75,-0.01,10.31
141.8,-0.01,10.29
141.85,-0.01,10.28
141.9,-0.01,10.27
141.95,-0.01,10.25
142,-0.01,10.24
142.05,-0.01,10.22
142.1,-0.01,10.21
142.15,-0.01,10.2
142.2,-0.01,10.18
142.25,-0.01,10.17
142.3,-0.01,10.15
142.35,-0.01,10.14
142.4,-0.01,10.13
142.45,-0.01,10.11
142.5,-0.01,10.1
142.55,-0.01,10.09
142.6,-0.01,10.07
142.65,-0.01,10.06
142.7,-0.01,10.04
142.75,-0.01,10.03
142.8,-0.01,10.02
142.85,-0.01,10
142.9,-0.01,9.99
142.95,-0.01,9.98
143,-0.01,9.96
143.05,-0.01,9.95
143.1,-0.01,9.94
143.15,-0.01,9.93
143.2,-0.01,9.91
143.25,-0.01,9.9
143.3,-0.01,9.89
143.35,-0.01,9.87
143.4,-0.01,9.86
143.45,-0.01,9.85
143.5,-0.01,9.83
143.55,-0.01,9.82
143.6,-0.01,9.81
143.65,-0.01,9.8
143.7,-0.01,9.78
143.75,-0.01,9.77
143.8,-0.01,9.76
143.85,-0.01,9.74
143.9,-0.01,9.73
143.95,-0.01,9.72
144,-0.01,9.7
144.05,-0.01,9.69
144.1,-0.01,9.68
144.15,-0.01,9.66
144.2,-0.01,9.65
144.25,-0.01,9.64
144.3,-0.01,9.62
144.35,-0.01,9.61
144.4,-0.01,9.6
144.45,-0.01,9.59
144.5,-0.01,9.57
144.55,-0.01,9.56
144.6,-0.01,9.55
144.65,-0.01,9.53
144.7,-0.01,9.52
144.75,-0.01,9.51
144.8,-0.01,9.5
144.85,-0.01,9.48
144.9,-0.01,9.47
144.95,-0.01,9.46
145,-0.01,9.44
145.05,-0.01,9.43
145.1,-0.01,9.42
145.15,-0.01,9.41
145.2,-0.01,9.39
145.25,-0.01,9.38
145.3,-0.01,9.37
145.35,-0.01,9.35
145.4,-0.01,9.34
145.45,-0.01,9.33
145.5,-0.01,9.31
145.55,-0.01,9.3
145.6,-0.01,9.29
145.65,-0.01,9.28
145.7,-0.01,9.27
145.75,-0.01,9.25
145.8,-0.01,9.24
145.85,0,9.23
145.9,0,9.22
145.95,0,9.21
146,0,9.19
146.05,0,9.18
146.1,0,9.17
146.15,0,9.16
146.2,0,9.15
146.25,0,9.14
146.3,0,9.13
146.35,0,9.11
146.4,0,9.1
146.45,0,9.09
146.5,0,9.08
146.55,0.01,9.07
146.6,0.01,9.06
146.65,0.01,9.05
146.7,0.02,9.04
146.75,0.02,9.03
146.8,0.02,9.03
146.85,0.03,9.03
146.9,0.03,9.03
146.95,0.03,9.03
147,0.03,9.03
147.05,0.04,9.03
147.1,0.04,9.03
147.15,0.04,9.03
147.2,0.04,9.02
147.25,0.04,9.02
147.3,0.05,9.03
147.35,0.05,9.03
147.4,0.05,9.04
147.45,0.05,9.04
147.5,0.05,9.05
147.55,0.06,9.05
147.6,0.06,9.06
147.65,0.06,9.06
147.7,0.06,9.07
147.75,0.06,9.07
147.8,0.06,9.08
147.85,0.06,9.08
147.9,0.06,9.09
147.95,0.06,9.09
148,0.06,9.1
148.05,0.06,9.11
148.1,0.06,9.11
148.15,0.06,9.12
148.2,0.06,9.12
148.25,0.06,9.13
148.3,0.06,9.13
148.35,0.06,9.14
148.4,0.06,9.14
148.45,0.06,9.15
148.5,0.06,9.15
148.55,0.06,9.16
148.6,0.06,9.16
148.65,0.06,9.16
148.7,0.06,9.17
148.75,0.06,9.17
148.8,0.06,9.18
148.85,0.06,9.18
148.9,0.06,9.19
148.95,0.06,9.19
149,0.06,9.2
149.05,0.06,9.2
149.1,0.06,9.21
149.15,0.06,9.21
149.2,0.06,9.22
149.25,0.06,9.22
149.3,0.05,9.23
149.35,0.05,9.23
149.4,0.05,9.23
149.45,0.05,9.24
149.5,0.05,9.24
149.55,0.05,9.25
149.6,0.05,9.25
149.65,0.05,9.25
149.7,0.05,9.25
149.75,0.04,9.25
149.8,0.05,9.25
149.85,0.05,9.25
149.9,0.05,9.25
149.95,0.05,9.26
150,0.06,9.26
150.05,0.06,9.26
150.1,0.06,9.27
150.15,0.07,9.28
150.2,0.07,9.29
150.25,0.07,9.3
150.3,0.07,9.31
150.35,0.08,9.32
150.4,0.08,9.33
150.45,0.08,9.34
150.5,0.08,9.35
150.55,0.08,9.36
150.6,0.09,9.37
150.65,0.09,9.38
150.7,0.09,9.4
150.75,0.09,9.41
150.8,0.09,9.43
150.85,0.1,9.44
150.9,0.1,9.46
150.95,0.1,9.47
151,0.1,9.49
151.05,0.11,9.5
151.1,0.11,9.52
151.15,0.11,9.53
151.2,0.12,9.55
151.25,0.12,9.58
151.3,0.12,9.6
151.35,0.13,9.62
151.4,0.13,9.65
151.45,0.13,9.67
151.5,0.13,9.7
151.55,0.13,9.72
151.6,0.13,9.74
151.65,0.14,9.77
151.7,0.14,9.79
151.75,0.14,9.81
151.8,0.14,9.84
151.85,0.14,9.86
151.9,0.14,9.89
151.95,0.14,9.91
152,0.14,9.94
152.05,0.14,9.96
152.1,0.14,9.99
152.15,0.14,10.01
152.2,0.14,10.03
152.25,0.14,10.06
152.3,0.14,10.08
152.35,0.14,10.1
152.4,0.14,10.13
152.45,0.14,10.15
152.5,0.13,10.17
152.55,0.13,10.19
152.6,0.13,10.22
152.65,0.13,10.24
152.7,0.13,10.26
152.75,0.12,10.28
152.8,0.12,10.3
152.85,0.12,10.31
152.9,0.12,10.33
152.95,0.12,10.35
153,0.12,10.37
153.05,0.12,10.38
153.1,0.11,10.4
153.15,0.11,10.42
153.2,0.11,10.44
153.25,0.11,10.45
153.3,0.11,10.47
153.35,0.11,10.48
153.4,0.11,10.5
153.45,0.11,10.51
153.5,0.11,10.53
153.55,0.11,10.54
153.6,0.1,10.56
153.65,0.1,10.57
153.7,0.1,10.59
153.75,0.1,10.6
153.8,0.1,10.61
153.85,0.1,10.62
153.9,0.09,10.63
153.95,0.09,10.64
154,0.09,10.65
154.05,0.09,10.67
154.1,0.09,10.68
154.15,0.09,10.69
154.2,0.09,10.7
154.25,0.09,10.71
154.3,0.09,10.72
154.35,0.09,10.73
154.4,0.09,10.74
154.45,0.09,10.75
154.5,0.08,10.76
154.55,0.07,10.77
154.6,0.06,10.78
154.65,0.06,10.79
154.7,0.05,10.79
154.75,0.04,10.78
154.8,0.04,10.78
154.85,0.03,10.77
154.9,0.02,10.77
154.95,0.02,10.76
155,0.02,10.76
155.05,0.01,10.75
155.1,0.01,10.75
155.15,0.01,10.74
155.2,0,10.73
155.25,0,10.71
155.3,0,10.7
155.35,0,10.69
155.4,0,10.68
155.45,0,10.67
155.5,0,10.65
155.55,0,10.64
155.6,0,10.63
155.65,0,10.62
155.7,0.01,10.61
155.75,0.01,10.61
155.8,0.01,10.6
155.85,0.01,10.59
155.9,0.02,10.58
155.95,0.02,10.57
156,0.02,10.57
156.05,0.02,10.56
156.1,0.03,10.55
156.15,0.03,10.55
156.2,0.03,10.55
156.25,0.04,10.55
156.3,0.04,10.55
156.35,0.04,10.55
156.4,0.04,10.55
156.45,0.04,10.55
156.5,0.04,10.54
156.55,0.04,10.54
156.6,0.05,10.54
156.65,0.05,10.54
156.7,0.05,10.55
156.75,0.05,10.55
156.8,0.05,10.55
156.85,0.05,10.55
156.9,0.05,10.55
156.95,0.05,10.55
157,0.05,10.55
157.05,0.05,10.55
157.1,0.05,10.55
157.15,0.05,10.55
157.2,0.05,10.55
157.25,0.05,10.55
157.3,0.05,10.55
157.35,0.05,10.55
157.4,0.05,10.55
157.45,0.05,10.55
157.5,0.05,10.55
157.55,0.05,10.55
157.6,0.05,10.55
157.65,0.05,10.55
157.7,0.05,10.55
157.75,0.04,10.55
157.8,0.04,10.55
157.85,0.04,10.55
157.9,0.04,10.55
157.95,0.04,10.55
158,0.04,10.55
158.05,0.04,10.55
158.1,0.04,10.55
158.15,0.04,10.55
158.2,0.04,10.54
158.25,0.03,10.54
158.3,0.03,10.54
158.35,0.03,10.54
158.4,0.03,10.53
158.45,0.03,10.53
158.5,0.03,10.53
158.55,0.03,10.53
158.6,0.03,10.52
158.65,0.03,10.52
158.7,0.03,10.51
158.75,0.03,10.51
158.8,0.03,10.51
158.85,0.03,10.5
158.9,0.03,10.5
158.95,0.03,10.49
159,0.03,10.49
159.05,0.03,10.49
159.1,0.03,10.48
159.15,0.03,10.48
159.2,0.03,10.47
159.25,0.03,10.47
159.3,0.03,10.46
159.35,0.03,10.46
159.4,0.03,10.45
159.45,0.03,10.45
159.5,0.03,10.45
159.55,0.03,10.44
159.6,0.03,10.44
159.65,0.03,10.43
159.7,0.03,10.43
159.75,0.03,10.43
159.8,0.03,10.42
159.85,0.03,10.42
159.9,0.03,10.41
159.95,0.03,10.41
160,0.03,10.41
160.05,0.03,10.4
160.1,0.03,10.4
160.15,0.03,10.4
160.2,0.03,10.39
160.25,0.03,10.39
160.3,0.03,10.39
160.35,0.03,10.38
160.4,0.03,10.38
160.45,0.03,10.38
160.5,0.03,10.37
160.55,0.03,10.37
160.6,0.03,10.36
160.65,0.03,10.36
160.7,0.03,10.36
160.75,0.03,10.35
160.8,0.03,10.35
160.85,0.03,10.35
160.9,0.03,10.34
160.95,0.03,10.34
161,0.03,10.33
161.05,0.03,10.33
161.1,0.03,10.33
161.15,0.03,10.32
161.2,0.03,10.32
161.25,0.03,10.32
161.3,0.03,10.31
161.35,0.03,10.31
161.4,0.03,10.31
161.45,0.03,10.3
161.5,0.02,10.3
161.55,0.02,10.29
161.6,0.02,10.29
161.65,0.02,10.28
161.7,0.02,10.27
161.75,0.02,10.27
161.8,0.02,10.26
161.85,0.02,10.26
161.9,0.02,10.25
161.95,0.02,10.25
162,0.02,10.24
162.05,0.01,10.23
162.1,0.01,10.22
162.15,0.01,10.22
162.2,0.01,10.21
162.25,0.01,10.2
162.3,0.01,10.19
162.35,0.01,10.18
162.4,0.01,10.18
162.45,0.01,10.17
162.5,0.01,10.16
162.55,0.01,10.15
162.6,0.01,10.15
162.65,0.01,10.14
162.7,0.01,10.13
162.75,0.01,10.12
162.8,0.01,10.11
162.85,0.01,10.1
162.9,0.01,10.1
162.95,0.01,10.09
163,0.01,10.08
163.05,0.01,10.07
163.1,0.01,10.07
163.15,0.01,10.06
163.2,0.01,10.05
163.25,0.01,10.04
163.3,0.01,10.03
163.35,0.01,10.03
163.4,0.01,10.02
163.45,0.01,10.01
163.5,0.01,10
163.55,0.01,9.99
163.6,0.01,9.99
163.65,0.01,9.98
163.7,0.01,9.97
163.75,0.01,9.96
163.8,0.01,9.95
163.85,0.01,9.95
163.9,0.01,9.94
163.95,0.01,9.93
164,0.01,9.92
164.05,0.01,9.92
164.1,0.01,9.91
164.15,0.01,9.9
164.2,0.01,9.89
164.25,0.01,9.89
164.3,0.01,9.88
164.35,0.01,9.87
164.4,0.01,9.86
164.45,0.01,9.86
164.5,0.01,9.85
164.55,0.01,9.84
164.6,0.01,9.84
164.65,0.01,9.83
164.7,0.01,9.82
164.75,0.01,9.81
164.8,0.01,9.81
164.85,0.01,9.8
164.9,0.01,9.79
164.95,0.01,9.79
165,0.01,9.78
165.05,0.01,9.77
165.1,0.01,9.77
165.15,0.01,9.76
165.2,0.01,9.75
165.25,0.01,9.74
165.3,0.01,9.74
165.35,0.01,9.73
165.4,0.01,9.72
165.45,0.01,9.72
165.5,0.01,9.71
165.55,0.01,9.7
165.6,0.01,9.69
165.65,0.01,9.69
165.7,0.01,9.68
165.75,0.02,9.67
165.8,0.02,9.67
165.85,0.02,9.66
165.9,0.02,9.65
165.95,0.02,9.65
166,0.02,9.64
166.05,0.02,9.64
166.1,0.02,9.63
166.15,0.02,9.62
166.2,0.02,9.62
166.25,0.02,9.61
166.3,0.02,9.6
166.35,0.02,9.6
166.4,0.02,9.59
166.45,0.02,9.59
166.5,0.02,9.58
166.55,0.02,9.57
166.6,0.02,9.57
166.65,0.02,9.56
166.7,0.02,9.55
166.75,0.02,9.55
166.8,0.02,9.54
166.85,0.02,9.54
166.9,0.02,9.53
166.95,0.02,9.53
167,0.02,9.52
167.05,0.02,9.51
167.1,0.02,9.51
167.15,0.02,9.5
167.2,0.02,9.5
167.25,0.02,9.49
167.3,0.02,9.48
167.35,0.02,9.48
167.4,0.02,9.47
167.45,0.02,9.47
167.5,0.02,9.46
167.55,0.02,9.45
167.6,0.02,9.45
167.65,0.02,9.44
167.7,0.02,9.43
167.75,0.02,9.43
167.8,0.02,9.42
167.85,0.02,9.42
167.9,0.02,9.41
167.95,0.01,9.4
168,0.01,9.4
168.05,0.01,9.39
168.1,0.01,9.38
168.15,0.01,9.38
168.2,0.01,9.37
168.25,0.01,9.36
168.3,0.01,9.36
168.35,0.01,9.35
168.4,0.01,9.34
168.45,0.01,9.34
168.5,0.01,9.33
168.55,0.01,9.32
168.6,0.01,9.32
168.65,0.01,9.31
168.7,0.01,9.3
168.75,0.02,9.3
168.8,0.02,9.29
168.85,0.02,9.28
168.9,0.02,9.28
168.95,0.02,9.27
169,0.02,9.27
169.05,0.02,9.26
169.1,0.02,9.25
169.15,0.02,9.25
169.2,0.02,9.24
169.25,0.02,9.23
169.3,0.03,9.23
169.35,0.03,9.22
169.4,0.03,9.22
169.45,0.03,9.22
169.5,0.03,9.22
169.55,0.04,9.22
169.6,0.04,9.22
169.65,0.04,9.22
169.7,0.05,9.22
169.75,0.05,9.23
169.8,0.06,9.23
169.85,0.07,9.23
169.9,0.07,9.23
169.95,0.08,9.24
170,0.08,9.25
170.05,0.09,9.27
170.1,0.1,9.29
170.15,0.1,9.31
170.2,0.11,9.33
170.25,0.11,9.35
170.3,0.11,9.37
170.35,0.11,9.38
170.4,0.11,9.4
170.45,0.11,9.42
170.5,0.11,9.44
170.55,0.11,9.46
170.6,0.11,9.48
170.65,0.11,9.49
170.7,0.11,9.51
170.75,0.11,9.53
170.8,0.11,9.55
170.85,0.11,9.57
170.9,0.11,9.59
170.95,0.11,9.6
171,0.11,9.62
171.05,0.11,9.64
171.1,0.11,9.66
171.15,0.11,9.68
171.2,0.11,9.69
171.25,0.11,9.71
171.3,0.11,9.73
171.35,0.11,9.75
171.4,0.11,9.77
171.45,0.11,9.78
171.5,0.11,9.8
171.55,0.11,9.82
171.6,0.11,9.84
171.65,0.11,9.85
171.7,0.11,9.87
171.75,0.11,9.89
171.8,0.11,9.9
171.85,0.11,9.92
171.9,0.11,9.94
171.95,0.1,9.95
172,0.1,9.97
172.05,0.1,9.99
172.1,0.1,10
172.15,0.1,10.01
172.2,0.1,10.03
172.25,0.1,10.04
172.3,0.09,10.05
172.35,0.09,10.07
172.4,0.09,10.08
172.45,0.09,10.09
172.5,0.09,10.1
172.55,0.09,10.12
172.6,0.09,10.13
172.65,0.09,10.14
172.7,0.09,10.15
172.75,0.09,10.16
172.8,0.09,10.18
172.85,0.09,10.19
172.9,0.09,10.2
172.95,0.09,10.21
173,0.09,10.22
173.05,0.09,10.24
173.1,0.09,10.25
173.15,0.09,10.26
173.2,0.09,10.27
173.25,0.09,10.28
173.3,0.09,10.29
173.35,0.09,10.31
173.4,0.09,10.32
173.45,0.09,10.33
173.5,0.09,10.34
173.55,0.09,10.35
173.6,0.09,10.37
173.65,0.09,10.38
173.7,0.09,10.39
173.75,0.09,10.4
173.8,0.09,10.41
173.85,0.09,10.42
173.9,0.09,10.43
173.95,0.09,10.45
174,0.09,10.46
174.05,0.09,10.47
174.1,0.09,10.48
174.15,0.09,10.49
174.2,0.09,10.5
174.25,0.09,10.52
174.3,0.09,10.53
174.35,0.09,10.54
174.4,0.09,10.55
174.45,0.09,10.56
174.5,0.09,10.58
174.55,0.08,10.59
174.6,0.08,10.59
174.65,0.08,10.6
174.7,0.08,10.61
174.75,0.07,10.61
174.8,0.07,10.62
174.85,0.07,10.63
174.9,0.07,10.63
174.95,0.07,10.64
175,0.06,10.64
175.05,0.06,10.65
175.1,0.06,10.65
175.15,0.06,10.65
175.2,0.06,10.65
175.25,0.05,10.66
175.3,0.05,10.66
175.35,0.05,10.66
175.4,0.05,10.66
175.45,0.05,10.66
175.5,0.05,10.66
175.55,0.05,10.67
175.6,0.05,10.67
175.65,0.05,10.67
175.7,0.05,10.67
175.75,0.05,10.67
175.8,0.05,10.67
175.85,0.05,10.67
175.9,0.04,10.67
175.95,0.04,10.67
176,0.04,10.68
176.05,0.03,10.67
176.1,0.03,10.67
176.15,0.03,10.66
176.2,0.03,10.66
176.25,0.03,10.65
176.3,0.03,10.65
176.35,0.03,10.64
176.4,0.03,10.64
176.45,0.03,10.63
176.5,0.03,10.63
176.55,0.03,10.62
176.6,0.03,10.62
176.65,0.03,10.61
176.7,0.03,10.61
176.75,0.03,10.61
176.8,0.03,10.6
176.85,0.03,10.6
176.9,0.03,10.59
176.95,0.03,10.59
177,0.03,10.58
177.05,0.03,10.58
177.1,0.03,10.58
177.15,0.03,10.58
177.2,0.03,10.57
177.25,0.03,10.57
177.3,0.03,10.57
177.35,0.03,10.56
177.4,0.03,10.56
177.45,0.03,10.56
177.5,0.03,10.56
177.55,0.03,10.55
177.6,0.03,10.55
177.65,0.03,10.55
177.7,0.03,10.54
177.75,0.03,10.54
177.8,0.03,10.54
177.85,0.03,10.54
177.9,0.03,10.53
177.95,0.03,10.53
178,0.03,10.53
178.05,0.03,10.52
178.1,0.03,10.52
178.15,0.03,10.52
178.2,0.03,10.52
178.25,0.03,10.51
178.3,0.03,10.51
178.35,0.03,10.51
178.4,0.03,10.51
178.45,0.03,10.51
178.5,0.03,10.5
178.55,0.03,10.5
178.6,0.03,10.5
178.65,0.03,10.5
178.7,0.03,10.49
178.75,0.03,10.49
178.8,0.03,10.49
178.85,0.03,10.49
178.9,0.03,10.48
178.95,0.03,10.48
179,0.03,10.48
179.05,0.03,10.47
179.1,0.03,10.47
179.15,0.03,10.47
179.2,0.03,10.47
179.25,0.03,10.46
179.3,0.03,10.46
179.35,0.03,10.46
179.4,0.03,10.45
179.45,0.03,10.45
179.5,0.03,10.45
179.55,0.03,10.45
179.6,0.03,10.44
179.65,0.03,10.44
179.7,0.03,10.44
179.75,0.03,10.43
179.8,0.03,10.43
179.85,0.03,10.43
179.9,0.03,10.42
179.95,0.03,10.42
180,0.03,10.42
180.05,0.03,10.41
180.1,0.03,10.41
180.15,0.03,10.41
180.2,0.03,10.41
180.25,0.04,10.4
180.3,0.04,10.4
180.35,0.04,10.4
180.4,0.04,10.39
180.45,0.05,10.4
180.5,0.05,10.4
180.55,0.05,10.4
180.6,0.05,10.4
180.65,0.05,10.41
180.7,0.06,10.41
180.75,0.06,10.41
180.8,0.06,10.41
180.85,0.06,10.42
180.9,0.06,10.42
180.95,0.06,10.42
181,0.06,10.43
181.05,0.06,10.43
181.1,0.06,10.43
181.15,0.06,10.44
181.2,0.06,10.44
181.25,0.06,10.45
181.3,0.06,10.45
181.35,0.06,10.46
181.4,0.06,10.46
181.45,0.06,10.46
181.5,0.06,10.47
181.55,0.06,10.47
181.6,0.06,10.47
181.65,0.06,10.48
181.7,0.06,10.48
181.75,0.06,10.48
181.8,0.06,10.49
181.85,0.06,10.49
181.9,0.06,10.5
181.95,0.06,10.5
182,0.06,10.5
182.05,0.06,10.51
182.1,0.06,10.51
182.15,0.06,10.52
182.2,0.06,10.52
182.25,0.06,10.52
182.3,0.06,10.53
182.35,0.06,10.53
182.4,0.06,10.53
182.45,0.06,10.54
182.5,0.06,10.54
182.55,0.06,10.55
182.6,0.06,10.55
182.65,0.06,10.55
182.7,0.06,10.56
182.75,0.06,10.56
182.8,0.06,10.56
182.85,0.06,10.57
182.9,0.06,10.57
182.95,0.06,10.58
183,0.06,10.58
183.05,0.06,10.58
183.1,0.06,10.59
183.15,0.06,10.59
183.2,0.06,10.59
183.25,0.06,10.6
183.3,0.06,10.6
183.35,0.06,10.6
183.4,0.06,10.61
183.45,0.06,10.61
183.5,0.06,10.61
183.55,0.06,10.61
183.6,0.05,10.62
183.65,0.05,10.62
183.7,0.05,10.62
183.75,0.05,10.62
183.8,0.05,10.63
183.85,0.04,10.63
183.9,0.04,10.62
183.95,0.04,10.62
184,0.04,10.62
184.05,0.04,10.62
184.1,0.04,10.62
184.15,0.04,10.61
184.2,0.04,10.61
184.25,0.04,10.61
184.3,0.04,10.61
184.35,0.04,10.61
184.4,0.04,10.6
184.45,0.04,10.6
184.5,0.04,10.6
184.55,0.04,10.6
184.6,0.03,10.59
184.65,0.03,10.59
184.7,0.03,10.59
184.75,0.03,10.59
184.8,0.03,10.58
184.85,0.03,10.58
184.9,0.03,10.58
184.95,0.03,10.57
185,0.03,10.57
185.05,0.03,10.57
185.1,0.03,10.56
185.15,0.03,10.56
185.2,0.03,10.56
185.25,0.03,10.55
185.3,0.03,10.55
185.35,0.03,10.55
185.4,0.03,10.54
185.45,0.03,10.54
185.5,0.03,10.54
185.55,0.03,10.54
185.6,0.03,10.53
185.65,0.03,10.53
185.7,0.03,10.53
185.75,0.03,10.52
185.8,0.03,10.52
185.85,0.03,10.52
185.9,0.03,10.51
185.95,0.03,10.51
186,0.03,10.51
186.05,0.03,10.5
186.1,0.03,10.5
186.15,0.03,10.5
186.2,0.03,10.49
186.25,0.03,10.49
186.3,0.03,10.49
186.35,0.03,10.48
186.4,0.03,10.48
186.45,0.03,10.48
186.5,0.03,10.47
186.55,0.03,10.47
186.6,0.03,10.47
186.65,0.03,10.46
186.7,0.03,10.46
186.75,0.03,10.46
186.8,0.03,10.45
186.85,0.03,10.45
186.9,0.03,10.45
186.95,0.03,10.44
187,0.03,10.44
187.05,0.03,10.44
187.1,0.03,10.44
187.15,0.03,10.43
187.2,0.03,10.43
187.25,0.03,10.43
187.3,0.03,10.42
187.35,0.03,10.42
187.4,0.03,10.42
187.45,0.03,10.41
187.5,0.03,10.41
187.55,0.03,10.41
187.6,0.03,10.4
187.65,0.03,10.4
187.7,0.03,10.4
187.75,0.03,10.39
187.8,0.03,10.39
187.85,0.03,10.39
187.9,0.03,10.38
187.95,0.03,10.38
188,0.03,10.38
188.05,0.03,10.38
188.1,0.03,10.37
188.15,0.03,10.37
188.2,0.03,10.37
188.25,0.03,10.36
188.3,0.03,10.36
188.35,0.03,10.36
188.4,0.03,10.36
188.45,0.03,10.35
188.5,0.03,10.35
188.55,0.03,10.35
188.6,0.03,10.35
188.65,0.03,10.34
188.7,0.03,10.34
188.75,0.03,10.34
188.8,0.03,10.34
188.85,0.03,10.33
188.9,0.03,10.33
188.95,0.03,10.33
189,0.03,10.32
189.05,0.03,10.32
189.1,0.03,10.32
189.15,0.03,10.32
189.2,0.03,10.31
189.25,0.03,10.31
189.3,0.03,10.31
189.35,0.03,10.31
189.4,0.03,10.3
189.45,0.03,10.3
189.5,0.03,10.3
189.55,0.03,10.3
189.6,0.03,10.3
189.65,0.03,10.29
189.7,0.03,10.29
189.75,0.04,10.29
189.8,0.04,10.29
189.85,0.04,10.29
189.9,0.04,10.28
189.95,0.04,10.28
190,0.04,10.28
190.05,0.04,10.28
190.1,0.04,10.28
190.15,0.04,10.27
190.2,0.04,10.27
190.25,0.04,10.27
190.3,0.04,10.27
190.35,0.04,10.27
190.4,0.04,10.26
190.45,0.04,10.26
190.5,0.04,10.26
190.55,0.04,10.26
190.6,0.04,10.26
190.65,0.04,10.26
190.7,0.04,10.25
190.75,0.04,10.25
190.8,0.04,10.25
190.85,0.04,10.25
190.9,0.04,10.25
190.95,0.04,10.25
191,0.04,10.24
191.05,0.04,10.24
191.1,0.04,10.24
191.15,0.04,10.24
191.2,0.04,10.24
191.25,0.04,10.24
191.3,0.04,10.23
191.35,0.04,10.23
191.4,0.04,10.23
191.45,0.04,10.23
191.5,0.04,10.23
191.55,0.04,10.23
191.6,0.04,10.23
191.65,0.04,10.22
191.7,0.04,10.22
191.75,0.04,10.22
191.8,0.04,10.22
191.85,0.04,10.22
191.9,0.04,10.22
191.95,0.04,10.22
192,0.04,10.21
192.05,0.04,10.21
192.1,0.04,10.21
192.15,0.04,10.21
192.2,0.04,10.21
192.25,0.04,10.21
192.3,0.04,10.21
192.35,0.04,10.2
192.4,0.04,10.2
192.45,0.04,10.2
192.5,0.04,10.2
192.55,0.04,10.2
192.6,0.04,10.19
192.65,0.04,10.19
192.7,0.04,10.19
192.75,0.04,10.19
192.8,0.04,10.19
192.85,0.04,10.19
192.9,0.04,10.18
192.95,0.04,10.18
193,0.04,10.18
193.05,0.04,10.18
193.1,0.04,10.18
193.15,0.04,10.18
193.2,0.04,10.18
193.25,0.04,10.17
193.3,0.04,10.17
193.35,0.04,10.17
193.4,0.04,10.17
193.45,0.04,10.17
193.5,0.04,10.17
193.55,0.04,10.16
193.6,0.04,10.16
193.65,0.04,10.16
193.7,0.04,10.16
193.75,0.04,10.16
193.8,0.04,10.15
193.85,0.04,10.15
193.9,0.03,10.15
193.95,0.03,10.15
194,0.03,10.15
194.05,0.04,10.14
194.1,0.04,10.14
194.15,0.04,10.14
194.2,0.04,10.14
194.25,0.04,10.14
194.3,0.04,10.13
194.35,0.04,10.13
194.4,0.04,10.13
194.45,0.04,10.13
194.5,0.04,10.13
194.55,0.04,10.13
194.6,0.04,10.12
194.65,0.04,10.12
194.7,0.04,10.12
194.75,0.04,10.12
194.8,0.04,10.12
194.85,0.04,10.12
194.9,0.04,10.11
194.95,0.04,10.11
195,0.04,10.11
195.05,0.04,10.11
195.1,0.04,10.11
195.15,0.04,10.1
195.2,0.04,10.1
195.25,0.04,10.1
195.3,0.04,10.1
195.35,0.04,10.1
195.4,0.03,10.1
195.45,0.03,10.09
195.5,0.03,10.09
195.55,0.04,10.09
195.6,0.04,10.09
195.65,0.04,10.09
195.7,0.04,10.08
195.75,0.04,10.08
195.8,0.04,10.08
195.85,0.04,10.08
195.9,0.04,10.08
195.95,0.04,10.07
196,0.04,10.07
196.05,0.04,10.07
196.1,0.04,10.07
196.15,0.04,10.07
196.2,0.04,10.07
196.25,0.04,10.06
196.3,0.04,10.06
196.35,0.04,10.06
196.4,0.04,10.06
196.45,0.04,10.06
196.5,0.04,10.06
196.55,0.04,10.05
196.6,0.04,10.05
196.65,0.04,10.05
196.7,0.04,10.05
196.75,0.04,10.05
196.8,0.04,10.05
196.85,0.04,10.04
196.9,0.04,10.04
196.95,0.04,10.04
197,0.04,10.04
197.05,0.04,10.04
197.1,0.04,10.04
197.15,0.04,10.04
197.2,0.04,10.03
197.25,0.04,10.03
197.3,0.04,10.03
197.35,0.03,10.03
197.4,0.03,10.03
197.45,0.03,10.02
197.5,0.03,10.02
197.55,0.03,10.02
197.6,0.03,10.02
197.65,0.03,10.02
197.7,0.04,10.01
197.75,0.04,10.01
197.8,0.04,10.01
197.85,0.04,10.01
197.9,0.04,10.01
197.95,0.04,10.01
198,0.04,10
198.05,0.04,10
198.1,0.04,10
198.15,0.04,10
198.2,0.04,10
198.25,0.04,10
198.3,0.04,10
198.35,0.04,9.99
198.4,0.04,9.99
198.45,0.04,9.99
198.5,0.04,9.99
198.55,0.04,9.99
198.6,0.04,9.99
198.65,0.04,9.99
198.7,0.04,9.98
198.75,0.04,9.98
198.8,0.04,9.98
198.85,0.04,9.98
198.9,0.04,9.98
198.95,0.04,9.98
199,0.04,9.98
199.05,0.04,9.97
199.1,0.04,9.97
199.15,0.04,9.97
199.2,0.04,9.97
199.25,0.04,9.97
199.3,0.04,9.97
199.35,0.04,9.96
199.4,0.04,9.96
199.45,0.04,9.96
199.5,0.04,9.96
199.55,0.04,9.96
199.6,0.04,9.96
199.65,0.04,9.96
199.7,0.04,9.96
199.75,0.04,9.95
199.8,0.04,9.95
199.85,0.04,9.95
199.9,0.04,9.95
199.95,0.04,9.95
200,0.04,9.95
200.05,0.04,9.94
200.1,0.04,9.94
200.15,0.04,9.94
200.2,0.04,9.94
200.25,0.04,9.94
200.3,0.04,9.94
200.35,0.04,9.93
200.4,0.04,9.93
200.45,0.04,9.93
200.5,0.04,9.93
200.55,0.04,9.93
200.6,0.04,9.93
200.65,0.04,9.93
200.7,0.04,9.93
200.75,0.04,9.93
200.8,0.04,9.92
200.85,0.04,9.92
200.9,0.04,9.92
200.95,0.04,9.92
201,0.04,9.92
201.05,0.04,9.92
201.1,0.04,9.92
201.15,0.04,9.92
201.2,0.04,9.92
201.25,0.04,9.92
201.3,0.04,9.92
201.35,0.04,9.91
201.4,0.04,9.91
201.45,0.04,9.91
201.5,0.04,9.91
201.55,0.04,9.91
201.6,0.04,9.91
201.65,0.04,9.91
201.7,0.04,9.91
201.75,0.04,9.91
201.8,0.04,9.91
201.85,0.04,9.9
201.9,0.04,9.9
201.95,0.04,9.9
202,0.04,9.9
202.05,0.04,9.9
202.1,0.04,9.9
202.15,0.04,9.9
202.2,0.04,9.9
202.25,0.04,9.9
202.3,0.04,9.89
202.35,0.04,9.89
202.4,0.04,9.89
202.45,0.04,9.89
202.5,0.04,9.89
202.55,0.04,9.89
202.6,0.04,9.89
202.65,0.04,9.89
202.7,0.04,9.89
202.75,0.04,9.89
202.8,0.04,9.88
202.85,0.04,9.88
202.9,0.04,9.88
202.95,0.04,9.88
203,0.04,9.88
203.05,0.04,9.88
203.1,0.04,9.88
203.15,0.04,9.88
203.2,0.04,9.87
203.25,0.04,9.87
203.3,0.04,9.87
203.35,0.04,9.87
203.4,0.04,9.87
203.45,0.04,9.87
203.5,0.04,9.87
203.55,0.04,9.86
203.6,0.04,9.86
203.65,0.04,9.86
203.7,0.04,9.86
203.75,0.04,9.86
203.8,0.04,9.86
203.85,0.04,9.86
203.9,0.04,9.85
203.95,0.04,9.85
204,0.04,9.85
204.05,0.04,9.85
204.1,0.04,9.85
204.15,0.04,9.85
204.2,0.04,9.85
204.25,0.04,9.85
204.3,0.04,9.85
204.35,0.04,9.85
204.4,0.04,9.85
204.45,0.04,9.85
204.5,0.04,9.85
204.55,0.04,9.84
204.6,0.04,9.84
204.65,0.04,9.84
204.7,0.04,9.84
204.75,0.04,9.84
204.8,0.04,9.84
204.85,0.04,9.84
204.9,0.04,9.84
204.95,0.04,9.84
205,0.04,9.84
205.05,0.04,9.84
205.1,0.04,9.84
205.15,0.04,9.83
205.2,0.04,9.83
205.25,0.04,9.83
205.3,0.04,9.83
205.35,0.04,9.83
205.4,0.04,9.83
205.45,0.04,9.83
205.5,0.04,9.83
205.55,0.04,9.83
205.6,0.04,9.83
205.65,0.04,9.82
205.7,0.04,9.82
205.75,0.04,9.82
205.8,0.04,9.82
205.85,0.04,9.82
205.9,0.04,9.82
205.95,0.04,9.82
206,0.04,9.82
206.05,0.04,9.82
206.1,0.04,9.82
206.15,0.04,9.81
206.2,0.04,9.81
206.25,0.04,9.81
206.3,0.04,9.81
206.35,0.04,9.81
206.4,0.04,9.81
206.45,0.04,9.81
206.5,0.04,9.81
206.55,0.04,9.81
206.6,0.04,9.8
206.65,0.04,9.8
206.7,0.04,9.8
206.75,0.04,9.8
206.8,0.04,9.8
206.85,0.04,9.8
206.9,0.04,9.8
206.95,0.04,9.8
207,0.04,9.8
207.05,0.04,9.8
207.1,0.04,9.8
207.15,0.04,9.8
207.2,0.04,9.79
207.25,0.04,9.79
207.3,0.04,9.79
207.35,0.04,9.79
207.4,0.04,9.79
207.45,0.04,9.79
207.5,0.04,9.79
207.55,0.04,9.79
207.6,0.04,9.79
207.65,0.04,9.79
207.7,0.04,9.78
207.75,0.04,9.78
207.8,0.04,9.78
207.85,0.04,9.78
207.9,0.04,9.78
207.95,0.04,9.78
208,0.04,9.78
208.05,0.04,9.78
208.1,0.04,9.77
208.15,0.04,9.77
208.2,0.04,9.77
208.25,0.04,9.77
208.3,0.04,9.77
208.35,0.04,9.77
208.4,0.04,9.77
208.45,0.04,9.77
208.5,0.04,9.77
208.55,0.04,9.77
208.6,0.04,9.77
208.65,0.04,9.77
208.7,0.04,9.77
208.75,0.04,9.77
208.8,0.04,9.77
208.85,0.04,9.77
208.9,0.04,9.76
208.95,0.04,9.76
209,0.04,9.76
209.05,0.04,9.76
209.1,0.04,9.76
209.15,0.04,9.76
209.2,0.04,9.76
209.25,0.04,9.76
209.3,0.04,9.76
209.35,0.04,9.76
209.4,0.04,9.76
209.45,0.04,9.76
209.5,0.04,9.76
209.55,0.04,9.76
209.6,0.04,9.76
209.65,0.04,9.76
209.7,0.04,9.75
209.75,0.04,9.75
209.8,0.04,9.75
209.85,0.04,9.75
209.9,0.04,9.75
209.95,0.04,9.75
210,0.04,9.75
210.05,0.04,9.75
210.1,0.04,9.75
210.15,0.04,9.75
210.2,0.04,9.75
210.25,0.04,9.75
210.3,0.04,9.75
210.35,0.04,9.75
210.4,0.04,9.75
210.45,0.04,9.75
210.5,0.04,9.75
210.55,0.04,9.75
210.6,0.04,9.75
210.65,0.04,9.75
210.7,0.04,9.75
210.75,0.04,9.75
210.8,0.04,9.75
210.85,0.04,9.75
210.9,0.04,9.75
210.95,0.04,9.74
211,0.04,9.74
211.05,0.04,9.74
211.1,0.04,9.74
211.15,0.04,9.74
211.2,0.04,9.74
211.25,0.04,9.74
211.3,0.04,9.74
211.35,0.04,9.74
211.4,0.04,9.74
211.45,0.04,9.74
211.5,0.04,9.74
211.55,0.04,9.73
211.6,0.04,9.73
211.65,0.04,9.73
211.7,0.04,9.73
211.75,0.04,9.73
211.8,0.04,9.73
211.85,0.04,9.73
211.9,0.04,9.73
211.95,0.04,9.73
212,0.04,9.73
212.05,0.04,9.72
212.1,0.04,9.72
212.15,0.04,9.72
212.2,0.04,9.72
212.25,0.04,9.72
212.3,0.04,9.72
212.35,0.04,9.72
212.4,0.04,9.72
212.45,0.04,9.72
212.5,0.04,9.72
212.55,0.04,9.72
212.6,0.04,9.71
212.65,0.04,9.71
212.7,0.04,9.71
212.75,0.04,9.71
212.8,0.04,9.71
212.85,0.04,9.71
212.9,0.04,9.71
212.95,0.04,9.71
213,0.04,9.71
213.05,0.04,9.71
213.1,0.04,9.71
213.15,0.04,9.71
213.2,0.04,9.71
213.25,0.04,9.71
213.3,0.04,9.71
213.35,0.04,9.71
213.4,0.04,9.71
213.45,0.04,9.71
213.5,0.04,9.71
213.55,0.04,9.71
213.6,0.04,9.7
213.65,0.04,9.7
213.7,0.04,9.7
213.75,0.04,9.7
213.8,0.04,9.7
213.85,0.04,9.7
213.9,0.04,9.7
213.95,0.04,9.7
214,0.04,9.7
214.05,0.04,9.7
214.1,0.04,9.7
214.15,0.04,9.7
214.2,0.04,9.7
214.25,0.04,9.7
214.3,0.04,9.7
214.35,0.04,9.7
214.4,0.04,9.69
214.45,0.04,9.69
214.5,0.04,9.69
214.55,0.04,9.69
214.6,0.04,9.69
214.65,0.04,9.69
214.7,0.04,9.69
214.75,0.04,9.69
214.8,0.04,9.69
214.85,0.04,9.69
214.9,0.04,9.69
214.95,0.04,9.69
215,0.04,9.69
215.05,0.04,9.69
215.1,0.04,9.69
215.15,0.04,9.69
215.2,0.04,9.69
215.25,0.04,9.69
215.3,0.04,9.69
215.35,0.04,9.69
215.4,0.04,9.69
215.45,0.04,9.69
215.5,0.04,9.69
215.55,0.04,9.69
215.6,0.04,9.69
215.65,0.04,9.69
215.7,0.04,9.69
215.75,0.04,9.69
215.8,0.04,9.69
215.85,0.04,9.69
215.9,0.04,9.69
215.95,0.04,9.69
216,0.04,9.69
216.05,0.04,9.69
216.1,0.04,9.69
216.15,0.04,9.69
216.2,0.04,9.68
216.25,0.04,9.68
216.3,0.04,9.68
216.35,0.04,9.68
216.4,0.04,9.68
216.45,0.04,9.68
216.5,0.04,9.68
216.55,0.04,9.68
216.6,0.04,9.68
216.65,0.04,9.68
216.7,0.04,9.68
216.75,0.04,9.68
216.8,0.04,9.68
216.85,0.04,9.68
216.9,0.04,9.68
216.95,0.04,9.68
217,0.04,9.68
217.05,0.04,9.68
217.1,0.04,9.68
217.15,0.04,9.68
217.2,0.04,9.68
217.25,0.04,9.68
217.3,0.04,9.68
217.35,0.04,9.68
217.4,0.04,9.68
217.45,0.04,9.68
217.5,0.04,9.68
217.55,0.04,9.68
217.6,0.04,9.68
217.65,0.04,9.68
217.7,0.04,9.68
217.75,0.04,9.68
217.8,0.04,9.68
217.85,0.04,9.68
217.9,0.04,9.68
217.95,0.04,9.68
218,0.04,9.68
218.05,0.04,9.68
218.1,0.04,9.67
218.15,0.04,9.67
218.2,0.04,9.67
218.25,0.04,9.67
218.3,0.04,9.67
218.35,0.04,9.67
218.4,0.04,9.67
218.45,0.04,9.67
218.5,0.04,9.67
218.55,0.04,9.67
218.6,0.04,9.67
218.65,0.04,9.67
218.7,0.04,9.67
218.75,0.04,9.67
218.8,0.04,9.67
218.85,0.04,9.67
218.9,0.04,9.67
218.95,0.04,9.67
219,0.04,9.66
219.05,0.04,9.66
219.1,0.04,9.66
219.15,0.04,9.66
219.2,0.04,9.66
219.25,0.04,9.66
219.3,0.04,9.66
219.35,0.04,9.66
219.4,0.04,9.66
219.45,0.04,9.66
219.5,0.04,9.66
219.55,0.04,9.66
219.6,0.04,9.66
219.65,0.04,9.66
219.7,0.04,9.66
219.75,0.04,9.66
219.8,0.04,9.66
219.85,0.04,9.66
219.9,0.04,9.66
219.95,0.04,9.66
220,0.04,9.66
220.05,0.04,9.66
220.1,0.04,9.66
220.15,0.04,9.66
220.2,0.04,9.66
220.25,0.04,9.66
220.3,0.04,9.66
220.35,0.04,9.66
220.4,0.04,9.66
220.45,0.04,9.66
220.5,0.04,9.66
220.55,0.04,9.66
220.6,0.04,9.66
220.65,0.04,9.66
220.7,0.04,9.66
220.75,0.04,9.66
220.8,0.04,9.66
220.85,0.04,9.66
220.9,0.04,9.66
220.95,0.04,9.66
221,0.04,9.66
221.05,0.04,9.66
221.1,0.04,9.66
221.15,0.04,9.66
221.2,0.04,9.66
221.25,0.04,9.66
221.3,0.04,9.66
221.35,0.04,9.66
221.4,0.04,9.66
221.45,0.04,9.66
221.5,0.04,9.66
221.55,0.04,9.66
221.6,0.04,9.66
221.65,0.04,9.66
221.7,0.04,9.65
221.75,0.04,9.65
221.8,0.04,9.65
221.85,0.04,9.65
221.9,0.04,9.65
221.95,0.04,9.65
222,0.04,9.65
222.05,0.04,9.65
222.1,0.04,9.65
222.15,0.04,9.65
222.2,0.04,9.65
222.25,0.04,9.64
222.3,0.04,9.64
222.35,0.04,9.64
222.4,0.04,9.64
222.45,0.04,9.64
222.5,0.04,9.64
222.55,0.04,9.64
222.6,0.04,9.64
222.65,0.04,9.64
222.7,0.04,9.64
222.75,0.04,9.64
222.8,0.04,9.63
222.85,0.04,9.63
222.9,0.04,9.63
222.95,0.04,9.63
223,0.04,9.63
223.05,0.04,9.63
223.1,0.04,9.63
223.15,0.04,9.63
223.2,0.04,9.63
223.25,0.04,9.63
223.3,0.04,9.63
223.35,0.04,9.63
223.4,0.04,9.63
223.45,0.04,9.63
223.5,0.04,9.63
223.55,0.04,9.63
223.6,0.04,9.63
223.65,0.04,9.63
223.7,0.04,9.63
223.75,0.04,9.63
223.8,0.04,9.63
223.85,0.04,9.63
223.9,0.04,9.62
223.95,0.04,9.62
224,0.04,9.62
224.05,0.04,9.62
224.1,0.04,9.62
224.15,0.04,9.62
224.2,0.04,9.62
224.25,0.04,9.62
224.3,0.04,9.62
224.35,0.04,9.62
224.4,0.04,9.62
224.45,0.04,9.62
224.5,0.04,9.62
224.55,0.04,9.62
224.6,0.04,9.62
224.65,0.04,9.62
224.7,0.04,9.62
224.75,0.04,9.62
224.8,0.04,9.62
224.85,0.04,9.62
224.9,0.04,9.62
224.95,0.04,9.62
225,0.04,9.62
225.05,0.04,9.62
225.1,0.04,9.62
225.15,0.04,9.62
225.2,0.04,9.62
225.25,0.04,9.62
225.3,0.04,9.62
225.35,0.04,9.62
225.4,0.04,9.62
225.45,0.04,9.62
225.5,0.04,9.62
225.55,0.04,9.62
225.6,0.04,9.62
225.65,0.04,9.62
225.7,0.04,9.62
225.75,0.04,9.62
225.8,0.04,9.62
225.85,0.04,9.62
225.9,0.04,9.62
225.95,0.04,9.62
226,0.04,9.61
226.05,0.04,9.61
226.1,0.04,9.61
226.15,0.04,9.61
226.2,0.04,9.61
226.25,0.04,9.61
226.3,0.04,9.61
226.35,0.04,9.61
226.4,0.04,9.61
226.45,0.04,9.61
226.5,0.04,9.61
226.55,0.04,9.61
226.6,0.04,9.61
226.65,0.04,9.61
226.7,0.04,9.61
226.75,0.04,9.61
226.8,0.04,9.61
226.85,0.04,9.61
226.9,0.04,9.61
226.95,0.04,9.61
227,0.04,9.61
227.05,0.04,9.61
227.1,0.04,9.61
227.15,0.04,9.61
227.2,0.04,9.61
227.25,0.04,9.61
227.3,0.04,9.61
227.35,0.04,9.61
227.4,0.04,9.61
227.45,0.04,9.61
227.5,0.04,9.61
227.55,0.04,9.61
227.6,0.04,9.61
227.65,0.04,9.61
227.7,0.04,9.61
227.75,0.04,9.61
227.8,0.04,9.61
227.85,0.04,9.61
227.9,0.04,9.61
227.95,0.04,9.61
228,0.04,9.61
228.05,0.04,9.61
228.1,0.04,9.61
228.15,0.04,9.61
228.2,0.04,9.61
228.25,0.04,9.61
228.3,0.04,9.6
228.35,0.04,9.6
228.4,0.04,9.6
228.45,0.04,9.6
228.5,0.04,9.6
228.55,0.04,9.6
228.6,0.04,9.6
228.65,0.04,9.6
228.7,0.04,9.6
228.75,0.04,9.6
228.8,0.04,9.6
228.85,0.04,9.6
228.9,0.04,9.6
228.95,0.04,9.6
229,0.04,9.6
229.05,0.04,9.6
229.1,0.04,9.6
229.15,0.04,9.6
229.2,0.04,9.6
229.25,0.04,9.6
229.3,0.04,9.6
229.35,0.04,9.6
229.4,0.04,9.6
229.45,0.04,9.6
229.5,0.04,9.6
229.55,0.04,9.6
229.6,0.04,9.6
229.65,0.04,9.6
229.7,0.04,9.6
229.75,0.04,9.6
229.8,0.04,9.6
229.85,0.04,9.6
229.9,0.04,9.6
229.95,0.04,9.6
230,0.04,9.6
230.05,0.04,9.6
230.1,0.04,9.6
230.15,0.04,9.6
230.2,0.04,9.6
230.25,0.04,9.6
230.3,0.04,9.6
230.35,0.04,9.6
230.4,0.04,9.6
230.45,0.04,9.6
230.5,0.04,9.6
230.55,0.04,9.6
230.6,0.04,9.6
230.65,0.04,9.6
230.7,0.04,9.6
230.75,0.04,9.6
230.8,0.04,9.6
230.85,0.04,9.6
230.9,0.04,9.6
230.95,0.04,9.6
231,0.04,9.6
231.05,0.04,9.6
231.1,0.04,9.6
231.15,0.04,9.6
231.2,0.04,9.6
231.25,0.04,9.6
231.3,0.04,9.6
231.35,0.04,9.6
231.4,0.04,9.6
231.45,0.04,9.6
231.5,0.04,9.6
231.55,0.04,9.6
231.6,0.04,9.6
231.65,0.04,9.6
231.7,0.04,9.6
231.75,0.04,9.6
231.8,0.04,9.6
231.85,0.04,9.6
231.9,0.04,9.6
231.95,0.04,9.59
232,0.04,9.59
232.05,0.04,9.59
232.1,0.04,9.59
232.15,0.04,9.59
232.2,0.04,9.59
232.25,0.04,9.59
232.3,0.04,9.59
232.35,0.04,9.59
232.4,0.04,9.59
232.45,0.04,9.59
232.5,0.04,9.59
232.55,0.04,9.59
232.6,0.04,9.59
232.65,0.04,9.59
232.7,0.04,9.59
232.75,0.04,9.59
232.8,0.04,9.59
232.85,0.04,9.59
232.9,0.04,9.59
232.95,0.04,9.59
233,0.04,9.59
233.05,0.04,9.59
233.1,0.04,9.59
233.15,0.04,9.59
233.2,0.04,9.59
233.25,0.04,9.59
233.3,0.04,9.59
233.35,0.04,9.59
233.4,0.04,9.59
233.45,0.04,9.59
233.5,0.04,9.59
233.55,0.04,9.59
233.6,0.04,9.59
233.65,0.04,9.59
233.7,0.04,9.59
233.75,0.04,9.59
233.8,0.04,9.59
233.85,0.04,9.59
233.9,0.04,9.59
233.95,0.04,9.59
234,0.04,9.59
234.05,0.04,9.59
234.1,0.04,9.58
234.15,0.04,9.58
234.2,0.04,9.58
234.25,0.04,9.58
234.3,0.04,9.58
234.35,0.04,9.58
234.4,0.04,9.58
234.45,0.04,9.58
234.5,0.04,9.58
234.55,0.04,9.58
234.6,0.04,9.58
234.65,0.04,9.58
234.7,0.04,9.58
234.75,0.04,9.58
234.8,0.04,9.58
234.85,0.04,9.58
234.9,0.04,9.58
234.95,0.04,9.58
235,0.04,9.58
235.05,0.04,9.58
235.1,0.04,9.58
235.15,0.04,9.58
235.2,0.04,9.58
235.25,0.04,9.58
235.3,0.04,9.58
235.35,0.04,9.58
235.4,0.04,9.58
235.45,0.04,9.58
235.5,0.04,9.58
235.55,0.04,9.58
235.6,0.04,9.58
235.65,0.04,9.58
235.7,0.04,9.58
235.75,0.04,9.58
235.8,0.04,9.58
235.85,0.04,9.57
235.9,0.04,9.57
235.95,0.04,9.57
236,0.04,9.57
236.05,0.04,9.57
236.1,0.04,9.57
236.15,0.04,9.57
236.2,0.04,9.57
236.25,0.04,9.57
236.3,0.04,9.57
236.35,0.04,9.57
236.4,0.04,9.57
236.45,0.04,9.57
236.5,0.04,9.57
236.55,0.04,9.57
236.6,0.04,9.57
236.65,0.04,9.57
236.7,0.04,9.57
236.75,0.04,9.57
236.8,0.04,9.57
236.85,0.04,9.57
236.9,0.04,9.57
236.95,0.04,9.57
237,0.04,9.57
237.05,0.04,9.57
237.1,0.04,9.57
237.15,0.04,9.57
237.2,0.04,9.57
237.25,0.04,9.57
237.3,0.04,9.57
237.35,0.04,9.57
237.4,0.04,9.57
237.45,0.04,9.57
237.5,0.04,9.57
237.55,0.04,9.57
237.6,0.04,9.57
237.65,0.04,9.57
237.7,0.04,9.57
237.75,0.04,9.57
237.8,0.04,9.57
237.85,0.04,9.57
237.9,0.04,9.57
237.95,0.04,9.56
238,0.04,9.56
238.05,0.04,9.56
238.1,0.04,9.56
238.15,0.04,9.56
238.2,0.04,9.56
238.25,0.04,9.56
238.3,0.04,9.56
238.35,0.04,9.56
238.4,0.04,9.56
238.45,0.04,9.56
238.5,0.04,9.56
238.55,0.04,9.56
238.6,0.04,9.56
238.65,0.04,9.56
238.7,0.04,9.56
238.75,0.04,9.56
238.8,0.04,9.56
238.85,0.04,9.55
238.9,0.04,9.55
238.95,0.04,9.55
239,0.04,9.55
239.05,0.04,9.55
239.1,0.04,9.55
239.15,0.04,9.55
239.2,0.04,9.55
239.25,0.04,9.55
239.3,0.04,9.55
239.35,0.04,9.55
239.4,0.04,9.55
239.45,0.04,9.55
239.5,0.04,9.55
239.55,0.04,9.55
239.6,0.04,9.55
239.65,0.04,9.55
239.7,0.04,9.55
239.75,0.04,9.55
239.8,0.04,9.55
239.85,0.04,9.55
239.9,0.04,9.54
239.95,0.04,9.54
240,0.04,9.54
240.05,0.04,9.54
240.1,0.04,9.54
240.15,0.04,9.54
240.2,0.04,9.54
240.25,0.04,9.54
240.3,0.04,9.54
240.35,0.04,9.54
240.4,0.04,9.54
240.45,0.04,9.54
240.5,0.04,9.54
240.55,0.04,9.53
240.6,0.04,9.53
240.65,0.04,9.53
240.7,0.04,9.53
240.75,0.04,9.53
240.8,0.04,9.53
240.85,0.04,9.53
240.9,0.04,9.53
240.95,0.04,9.53
241,0.04,9.53
241.05,0.04,9.53
241.1,0.04,9.53
241.15,0.04,9.53
241.2,0.04,9.53
241.25,0.04,9.53
241.3,0.04,9.53
241.35,0.04,9.53
241.4,0.04,9.53
241.45,0.04,9.53
241.5,0.04,9.53
241.55,0.04,9.53
241.6,0.04,9.53
241.65,0.04,9.53
241.7,0.04,9.53
241.75,0.04,9.53
241.8,0.04,9.53
241.85,0.04,9.53
241.9,0.04,9.53
241.95,0.04,9.53
242,0.04,9.53
242.05,0.04,9.53
242.1,0.04,9.53
242.15,0.04,9.53
242.2,0.04,9.52
242.25,0.04,9.52
242.3,0.04,9.52
242.35,0.04,9.52
242.4,0.04,9.52
242.45,0.04,9.52
242.5,0.04,9.52
242.55,0.04,9.52
242.6,0.04,9.52
242.65,0.04,9.52
242.7,0.04,9.52
242.75,0.04,9.52
242.8,0.04,9.52
242.85,0.04,9.52
242.9,0.04,9.52
242.95,0.04,9.52
243,0.04,9.52
243.05,0.04,9.52
243.1,0.04,9.52
243.15,0.04,9.51
243.2,0.04,9.51
243.25,0.04,9.51
243.3,0.04,9.51
243.35,0.04,9.51
243.4,0.04,9.51
243.45,0.04,9.51
243.5,0.04,9.51
243.55,0.04,9.51
243.6,0.04,9.51
243.65,0.04,9.51
243.7,0.04,9.51
243.75,0.04,9.51
243.8,0.04,9.51
243.85,0.04,9.51
243.9,0.04,9.51
243.95,0.04,9.51
244,0.04,9.51
244.05,0.04,9.51
244.1,0.04,9.51
244.15,0.04,9.51
244.2,0.04,9.51
244.25,0.04,9.51
244.3,0.04,9.51
244.35,0.04,9.51
244.4,0.04,9.51
244.45,0.04,9.51
244.5,0.04,9.51
244.55,0.04,9.51
244.6,0.04,9.51
244.65,0.04,9.51
244.7,0.04,9.51
244.75,0.04,9.51
244.8,0.04,9.5
244.85,0.04,9.5
244.9,0.04,9.5
244.95,0.04,9.5
245,0.04,9.51
245.05,0.04,9.51
245.1,0.04,9.51
245.15,0.04,9.51
245.2,0.04,9.51
245.25,0.04,9.51
245.3,0.04,9.51
245.35,0.04,9.51
245.4,0.04,9.51
245.45,0.04,9.51
245.5,0.04,9.51
245.55,0.04,9.51
245.6,0.04,9.51
245.65,0.04,9.51
245.7,0.04,9.51
245.75,0.04,9.51
245.8,0.04,9.51
245.85,0.04,9.51
245.9,0.04,9.51
245.95,0.04,9.51
246,0.04,9.51
246.05,0.04,9.51
246.1,0.04,9.51
246.15,0.04,9.51
246.2,0.04,9.51
246.25,0.04,9.51
246.3,0.04,9.51
246.35,0.04,9.51
246.4,0.04,9.51
246.45,0.04,9.51
246.5,0.04,9.51
246.55,0.04,9.51
246.6,0.04,9.51
246.65,0.04,9.51
246.7,0.04,9.51
246.75,0.04,9.51
246.8,0.04,9.51
246.85,0.04,9.51
246.9,0.04,9.51
246.95,0.04,9.51
247,0.04,9.51
247.05,0.04,9.5
247.1,0.04,9.5
247.15,0.04,9.5
247.2,0.04,9.5
247.25,0.04,9.5
247.3,0.04,9.5
247.35,0.04,9.5
247.4,0.04,9.5
247.45,0.04,9.5
247.5,0.04,9.5
247.55,0.04,9.5
247.6,0.04,9.5
247.65,0.04,9.5
247.7,0.04,9.5
247.75,0.04,9.5
247.8,0.04,9.49
247.85,0.04,9.49
247.9,0.04,9.49
247.95,0.04,9.49
248,0.04,9.49
248.05,0.04,9.49
248.1,0.04,9.49
248.15,0.04,9.49
248.2,0.04,9.49
248.25,0.04,9.49
248.3,0.04,9.49
248.35,0.04,9.49
248.4,0.04,9.49
248.45,0.04,9.49
248.5,0.04,9.49
248.55,0.04,9.49
248.6,0.04,9.48
248.65,0.04,9.48
248.7,0.04,9.48
248.75,0.04,9.48
248.8,0.04,9.48
248.85,0.04,9.48
248.9,0.04,9.48
248.95,0.04,9.48
249,0.04,9.48
249.05,0.04,9.48
249.1,0.04,9.48
249.15,0.04,9.48
249.2,0.04,9.48
249.25,0.04,9.48
249.3,0.04,9.48
249.35,0.04,9.48
249.4,0.04,9.48
249.45,0.04,9.48
249.5,0.04,9.48
249.55,0.04,9.48
249.6,0.04,9.48
249.65,0.04,9.48
249.7,0.05,9.48
249.75,0.05,9.48
249.8,0.05,9.49
249.85,0.05,9.49
249.9,0.05,9.49
249.95,0.05,9.5
250,0.05,9.5
250.05,0.05,9.5
250.1,0.05,9.51
250.15,0.05,9.51
250.2,0.05,9.51
250.25,0.05,9.52
250.3,0.05,9.52
250.35,0.05,9.52
250.4,0.05,9.53
250.45,0.05,9.53
250.5,0.05,9.54
250.55,0.05,9.54
250.6,0.05,9.54
250.65,0.05,9.55
250.7,0.05,9.55
250.75,0.05,9.55
250.8,0.05,9.56
250.85,0.05,9.56
250.9,0.05,9.56
250.95,0.05,9.57
251,0.05,9.57
251.05,0.06,9.57
251.1,0.06,9.58
251.15,0.06,9.58
251.2,0.06,9.59
251.25,0.06,9.59
251.3,0.06,9.59
251.35,0.06,9.6
251.4,0.06,9.6
251.45,0.06,9.61
251.5,0.06,9.61
251.55,0.06,9.61
251.6,0.06,9.62
251.65,0.06,9.62
251.7,0.06,9.63
251.75,0.06,9.63
251.8,0.06,9.64
251.85,0.06,9.64
251.9,0.06,9.64
251.95,0.06,9.65
252,0.06,9.65
252.05,0.06,9.66
252.1,0.06,9.66
252.15,0.06,9.66
252.2,0.06,9.67
252.25,0.06,9.67
252.3,0.06,9.68
252.35,0.06,9.68
252.4,0.06,9.69
252.45,0.06,9.69
252.5,0.06,9.69
252.55,0.06,9.7
252.6,0.06,9.7
252.65,0.06,9.7
252.7,0.06,9.71
252.75,0.06,9.71
252.8,0.06,9.72
252.85,0.06,9.72
252.9,0.06,9.72
252.95,0.06,9.73
253,0.06,9.73
253.05,0.06,9.74
253.1,0.05,9.74
253.15,0.05,9.74
253.2,0.05,9.75
253.25,0.05,9.75
253.3,0.05,9.75
253.35,0.05,9.76
253.4,0.05,9.76
253.45,0.05,9.76
253.5,0.05,9.77
253.55,0.05,9.77
253.6,0.05,9.77
253.65,0.05,9.78
253.7,0.05,9.78
253.75,0.05,9.78
253.8,0.05,9.79
253.85,0.05,9.79
253.9,0.05,9.79
253.95,0.05,9.79
254,0.05,9.8
254.05,0.05,9.8
254.1,0.05,9.8
254.15,0.05,9.81
254.2,0.05,9.81
254.25,0.06,9.82
254.3,0.05,9.82
254.35,0.05,9.82
254.4,0.05,9.83
254.45,0.05,9.83
254.5,0.05,9.83
254.55,0.05,9.84
254.6,0.05,9.84
254.65,0.05,9.84
254.7,0.05,9.84
254.75,0.05,9.85
254.8,0.05,9.85
254.85,0.05,9.85
254.9,0.05,9.86
254.95,0.05,9.86
255,0.05,9.86
255.05,0.05,9.86
255.1,0.05,9.87
255.15,0.05,9.87
255.2,0.05,9.87
255.25,0.05,9.88
255.3,0.05,9.88
255.35,0.05,9.88
255.4,0.05,9.88
255.45,0.05,9.89
255.5,0.05,9.89
255.55,0.05,9.89
255.6,0.05,9.89
255.65,0.05,9.9
255.7,0.05,9.9
255.75,0.05,9.9
255.8,0.05,9.91
255.85,0.05,9.91
255.9,0.05,9.91
255.95,0.05,9.91
256,0.05,9.92
256.05,0.05,9.92
256.1,0.05,9.92
256.15,0.05,9.92
256.2,0.05,9.93
256.25,0.05,9.93
256.3,0.05,9.93
256.35,0.05,9.94
256.4,0.05,9.94
256.45,0.05,9.94
256.5,0.05,9.94
256.55,0.05,9.95
256.6,0.05,9.95
256.65,0.05,9.95
256.7,0.05,9.96
256.75,0.05,9.96
256.8,0.05,9.96
256.85,0.05,9.96
256.9,0.05,9.97
256.95,0.05,9.97
257,0.05,9.97
257.05,0.05,9.98
257.1,0.05,9.98
257.15,0.05,9.98
257.2,0.05,9.98
257.25,0.05,9.99
257.3,0.05,9.99
257.35,0.05,9.99
257.4,0.05,9.99
257.45,0.05,10
257.5,0.05,10
257.55,0.05,10
257.6,0.05,10
257.65,0.05,10.01
257.7,0.05,10.01
257.75,0.05,10.01
257.8,0.05,10.02
257.85,0.05,10.02
257.9,0.05,10.02
257.95,0.05,10.02
258,0.05,10.03
258.05,0.05,10.03
258.1,0.05,10.03
258.15,0.05,10.04
258.2,0.05,10.04
258.25,0.05,10.04
258.3,0.05,10.04
258.35,0.05,10.05
258.4,0.05,10.05
258.45,0.05,10.05
258.5,0.05,10.05
258.55,0.05,10.06
258.6,0.05,10.06
258.65,0.05,10.06
258.7,0.05,10.06
258.75,0.05,10.07
258.8,0.05,10.07
258.85,0.05,10.07
258.9,0.05,10.07
258.95,0.05,10.07
259,0.05,10.08
259.05,0.05,10.08
259.1,0.05,10.08
259.15,0.05,10.08
259.2,0.05,10.09
259.25,0.05,10.09
259.3,0.05,10.09
259.35,0.05,10.09
259.4,0.05,10.09
259.45,0.05,10.1
259.5,0.05,10.1
259.55,0.05,10.1
259.6,0.05,10.1
259.65,0.05,10.11
259.7,0.05,10.11
259.75,0.05,10.11
259.8,0.05,10.11
259.85,0.05,10.12
259.9,0.05,10.12
259.95,0.05,10.12
260,0.05,10.12
260.05,0.05,10.13
260.1,0.06,10.13
260.15,0.06,10.13
260.2,0.06,10.14
260.25,0.06,10.14
260.3,0.06,10.14
260.35,0.06,10.15
260.4,0.06,10.15
260.45,0.06,10.15
260.5,0.06,10.16
260.55,0.06,10.16
260.6,0.06,10.16
260.65,0.06,10.17
260.7,0.06,10.17
260.75,0.06,10.17
260.8,0.06,10.18
260.85,0.06,10.18
260.9,0.06,10.18
260.95,0.06,10.19
261,0.06,10.19
261.05,0.06,10.19
261.1,0.06,10.2
261.15,0.06,10.2
261.2,0.06,10.2
261.25,0.06,10.2
261.3,0.05,10.21
261.35,0.05,10.21
261.4,0.05,10.21
261.45,0.05,10.21
261.5,0.05,10.22
261.55,0.05,10.22
261.6,0.05,10.22
261.65,0.05,10.23
261.7,0.05,10.23
261.75,0.05,10.23
261.8,0.05,10.23
261.85,0.05,10.23
261.9,0.05,10.24
261.95,0.05,10.24
262,0.05,10.24
262.05,0.05,10.24
262.1,0.05,10.25
262.15,0.05,10.25
262.2,0.05,10.25
262.25,0.05,10.25
262.3,0.05,10.26
262.35,0.05,10.26
262.4,0.05,10.26
262.45,0.05,10.26
262.5,0.05,10.27
262.55,0.05,10.27
262.6,0.05,10.27
262.65,0.05,10.27
262.7,0.05,10.28
262.75,0.05,10.28
262.8,0.05,10.28
262.85,0.05,10.28
262.9,0.05,10.29
262.95,0.05,10.29
263,0.05,10.29
263.05,0.05,10.29
263.1,0.05,10.3
263.15,0.05,10.3
263.2,0.05,10.3
263.25,0.05,10.3
263.3,0.05,10.3
263.35,0.05,10.31
263.4,0.05,10.31
263.45,0.05,10.31
263.5,0.05,10.31
263.55,0.05,10.31
263.6,0.05,10.32
263.65,0.05,10.32
263.7,0.05,10.32
263.75,0.05,10.32
263.8,0.05,10.33
263.85,0.05,10.33
263.9,0.05,10.33
263.95,0.05,10.33
264,0.05,10.33
264.05,0.05,10.34
264.1,0.05,10.34
264.15,0.05,10.34
264.2,0.05,10.34
264.25,0.05,10.35
264.3,0.05,10.35
264.35,0.05,10.35
264.4,0.05,10.35
264.45,0.05,10.35
264.5,0.05,10.36
264.55,0.05,10.36
264.6,0.05,10.36
264.65,0.05,10.36
264.7,0.05,10.37
264.75,0.05,10.37
264.8,0.05,10.37
264.85,0.05,10.37
264.9,0.05,10.37
264.95,0.05,10.38
265,0.05,10.38
265.05,0.05,10.38
265.1,0.05,10.38
265.15,0.05,10.38
265.2,0.05,10.38
265.25,0.05,10.39
265.3,0.05,10.39
265.35,0.05,10.39
265.4,0.05,10.39
265.45,0.05,10.39
265.5,0.05,10.4
265.55,0.05,10.4
265.6,0.05,10.4
265.65,0.05,10.4
265.7,0.05,10.4
265.75,0.05,10.4
265.8,0.05,10.41
265.85,0.05,10.41
265.9,0.05,10.41
265.95,0.05,10.41
266,0.05,10.42
266.05,0.05,10.42
266.1,0.05,10.42
266.15,0.05,10.42
266.2,0.05,10.42
266.25,0.05,10.43
266.3,0.06,10.43
266.35,0.06,10.43
266.4,0.06,10.43
266.45,0.06,10.44
266.5,0.06,10.44
266.55,0.06,10.44
266.6,0.06,10.45
266.65,0.06,10.45
266.7,0.05,10.45
266.75,0.05,10.45
266.8,0.05,10.45
266.85,0.05,10.46
266.9,0.05,10.46
266.95,0.05,10.46
267,0.06,10.46
267.05,0.06,10.47
267.1,0.06,10.47
267.15,0.06,10.47
267.2,0.06,10.47
267.25,0.06,10.48
267.3,0.06,10.48
267.35,0.06,10.48
267.4,0.06,10.49
267.45,0.06,10.49
267.5,0.06,10.49
267.55,0.06,10.49
267.6,0.06,10.5
267.65,0.06,10.5
267.7,0.06,10.5
267.75,0.06,10.51
267.8,0.06,10.51
267.85,0.06,10.51
267.9,0.06,10.51
267.95,0.06,10.52
268,0.06,10.52
268.05,0.06,10.52
268.1,0.05,10.52
268.15,0.05,10.53
268.2,0.05,10.53
268.25,0.05,10.53
268.3,0.05,10.53
268.35,0.05,10.53
268.4,0.05,10.54
268.45,0.05,10.54
268.5,0.05,10.54
268.55,0.05,10.54
268.6,0.05,10.54
268.65,0.05,10.54
268.7,0.05,10.55
268.75,0.05,10.55
268.8,0.05,10.55
268.85,0.05,10.55
268.9,0.05,10.55
268.95,0.05,10.56
269,0.05,10.56
269.05,0.05,10.56
269.1,0.05,10.56
269.15,0.05,10.56
269.2,0.05,10.56
269.25,0.05,10.56
269.3,0.05,10.56
269.35,0.04,10.56
269.4,0.04,10.56
269.45,0.04,10.56
269.5,0.04,10.56
269.55,0.04,10.56
269.6,0.04,10.56
269.65,0.04,10.56
269.7,0.04,10.56
269.75,0.04,10.56
269.8,0.04,10.56
269.85,0.04,10.56
269.9,0.04,10.56
269.95,0.04,10.56
270,0.04,10.56
270.05,0.04,10.56
270.1,0.04,10.56
270.15,0.04,10.56
270.2,0.04,10.56
270.25,0.04,10.55
270.3,0.04,10.55
270.35,0.04,10.55
270.4,0.04,10.55
270.45,0.04,10.55
270.5,0.04,10.55
270.55,0.04,10.55
270.6,0.04,10.55
270.65,0.04,10.55
270.7,0.04,10.55
270.75,0.04,10.55
270.8,0.04,10.55
270.85,0.04,10.55
270.9,0.04,10.55
270.95,0.04,10.55
271,0.04,10.55
271.05,0.04,10.55
271.1,0.04,10.55
271.15,0.04,10.55
271.2,0.04,10.55
271.25,0.04,10.55
271.3,0.04,10.55
271.35,0.04,10.55
271.4,0.04,10.55
271.45,0.04,10.55
271.5,0.04,10.54
271.55,0.04,10.54
271.6,0.04,10.54
271.65,0.04,10.54
271.7,0.04,10.54
271.75,0.04,10.54
271.8,0.04,10.54
271.85,0.04,10.54
271.9,0.04,10.54
271.95,0.04,10.54
272,0.04,10.54
272.05,0.04,10.54
272.1,0.04,10.54
272.15,0.04,10.54
272.2,0.04,10.54
272.25,0.04,10.54
272.3,0.04,10.54
272.35,0.04,10.54
272.4,0.04,10.54
272.45,0.04,10.54
272.5,0.04,10.54
272.55,0.04,10.54
272.6,0.04,10.54
272.65,0.04,10.54
272.7,0.04,10.54
272.75,0.04,10.54
272.8,0.04,10.54
272.85,0.04,10.54
272.9,0.04,10.54
272.95,0.04,10.54
273,0.04,10.54
273.05,0.04,10.54
273.1,0.04,10.54
273.15,0.04,10.53
273.2,0.04,10.53
273.25,0.04,10.53
273.3,0.04,10.53
273.35,0.04,10.53
273.4,0.04,10.53
273.45,0.04,10.53
273.5,0.04,10.53
273.55,0.04,10.53
273.6,0.04,10.53
273.65,0.04,10.53
273.7,0.04,10.53
273.75,0.04,10.53
273.8,0.04,10.53
273.85,0.04,10.53
273.9,0.04,10.53
273.95,0.04,10.53
274,0.04,10.53
274.05,0.04,10.53
274.1,0.04,10.53
274.15,0.04,10.53
274.2,0.04,10.53
274.25,0.04,10.53
274.3,0.04,10.53
274.35,0.04,10.53
274.4,0.04,10.52
274.45,0.04,10.52
274.5,0.04,10.52
274.55,0.04,10.52
274.6,0.04,10.52
274.65,0.04,10.52
274.7,0.04,10.52
274.75,0.04,10.52
274.8,0.04,10.52
274.85,0.04,10.52
274.9,0.04,10.52
274.95,0.04,10.52
275,0.04,10.52
275.05,0.04,10.52
275.1,0.04,10.52
275.15,0.04,10.52
275.2,0.04,10.52
275.25,0.04,10.52
275.3,0.04,10.52
275.35,0.04,10.52
275.4,0.04,10.52
275.45,0.04,10.52
275.5,0.04,10.52
275.55,0.04,10.52
275.6,0.04,10.52
275.65,0.04,10.52
275.7,0.04,10.52
275.75,0.04,10.52
275.8,0.04,10.52
275.85,0.04,10.51
275.9,0.04,10.51
275.95,0.04,10.51
276,0.04,10.51
276.05,0.04,10.51
276.1,0.04,10.51
276.15,0.04,10.51
276.2,0.04,10.51
276.25,0.04,10.51
276.3,0.04,10.51
276.35,0.04,10.51
276.4,0.04,10.51
276.45,0.04,10.51
276.5,0.04,10.51
276.55,0.04,10.51
276.6,0.04,10.51
276.65,0.04,10.51
276.7,0.04,10.51
276.75,0.04,10.51
276.8,0.04,10.5
276.85,0.04,10.5
276.9,0.04,10.5
276.95,0.04,10.5
277,0.05,10.5
277.05,0.05,10.5
277.1,0.05,10.5
277.15,0.05,10.51
277.2,0.05,10.51
277.25,0.05,10.51
277.3,0.04,10.51
277.35,0.04,10.51
277.4,0.04,10.51
277.45,0.04,10.51
277.5,0.04,10.51
277.55,0.04,10.5
277.6,0.04,10.5
277.65,0.04,10.5
277.7,0.04,10.5
277.75,0.04,10.5
277.8,0.04,10.5
277.85,0.04,10.5
277.9,0.04,10.5
277.95,0.04,10.5
278,0.04,10.5
278.05,0.04,10.5
278.1,0.04,10.5
278.15,0.04,10.5
278.2,0.04,10.5
278.25,0.04,10.5
278.3,0.04,10.5
278.35,0.04,10.5
278.4,0.04,10.5
278.45,0.04,10.5
278.5,0.04,10.5
278.55,0.04,10.5
278.6,0.04,10.5
278.65,0.04,10.5
278.7,0.04,10.5
278.75,0.05,10.5
278.8,0.05,10.5
278.85,0.05,10.5
278.9,0.05,10.5
278.95,0.05,10.5
279,0.05,10.5
279.05,0.05,10.5
279.1,0.05,10.5
279.15,0.05,10.5
279.2,0.05,10.5
279.25,0.06,10.5
279.3,0.06,10.5
279.35,0.06,10.5
279.4,0.07,10.51
279.45,0.07,10.52
279.5,0.07,10.53
279.55,0.08,10.54
279.6,0.08,10.54
279.65,0.08,10.55
279.7,0.08,10.56
279.75,0.08,10.57
279.8,0.08,10.58
279.85,0.08,10.58
279.9,0.08,10.59
279.95,0.08,10.6
280,0.08,10.61
280.05,0.08,10.62
280.1,0.08,10.62
280.15,0.08,10.63
280.2,0.08,10.64
280.25,0.08,10.65
280.3,0.08,10.66
280.35,0.08,10.66
280.4,0.08,10.67
280.45,0.07,10.68
280.5,0.07,10.68
280.55,0.07,10.69
280.6,0.07,10.7
280.65,0.07,10.7
280.7,0.07,10.71
280.75,0.06,10.72
280.8,0.06,10.72
280.85,0.06,10.72
280.9,0.06,10.72
280.95,0.05,10.72
281,0.05,10.72
281.05,0.05,10.72
281.1,0.05,10.73
281.15,0.04,10.73
281.2,0.04,10.73
281.25,0.04,10.73
281.3,0.04,10.72
281.35,0.03,10.72
281.4,0.03,10.72
281.45,0.03,10.71
281.5,0.03,10.71
281.55,0.03,10.7
281.6,0.03,10.7
281.65,0.03,10.69
281.7,0.03,10.69
281.75,0.03,10.68
281.8,0.02,10.68
281.85,0.02,10.67
281.9,0.02,10.67
281.95,0.02,10.66
282,0.02,10.66
282.05,0.02,10.65
282.1,0.02,10.65
282.15,0.02,10.64
282.2,0.02,10.64
282.25,0.02,10.63
282.3,0.02,10.63
282.35,0.02,10.62
282.4,0.03,10.62
282.45,0.03,10.62
282.5,0.03,10.61
282.55,0.03,10.61
282.6,0.03,10.6
282.65,0.03,10.6
282.7,0.03,10.59
282.75,0.03,10.59
282.8,0.03,10.58
282.85,0.03,10.58
282.9,0.03,10.57
282.95,0.03,10.57
283,0.03,10.56
283.05,0.03,10.56
283.1,0.03,10.55
283.15,0.03,10.55
283.2,0.03,10.55
283.25,0.03,10.54
283.3,0.03,10.54
283.35,0.03,10.53
283.4,0.03,10.53
283.45,0.03,10.52
283.5,0.03,10.52
283.55,0.03,10.51
283.6,0.03,10.51
283.65,0.03,10.5
283.7,0.03,10.5
283.75,0.03,10.5
283.8,0.03,10.49
283.85,0.03,10.49
283.9,0.03,10.48
283.95,0.03,10.48
284,0.03,10.48
284.05,0.03,10.47
284.1,0.03,10.47
284.15,0.03,10.46
284.2,0.03,10.46
284.25,0.03,10.45
284.3,0.03,10.45
284.35,0.02,10.44
284.4,0.02,10.44
284.45,0.02,10.43
284.5,0.02,10.43
284.55,0.02,10.42
284.6,0.02,10.42
284.65,0.03,10.42
284.7,0.03,10.41
284.75,0.03,10.41
284.8,0.03,10.4
284.85,0.03,10.4
284.9,0.03,10.39
284.95,0.03,10.39
285,0.03,10.38
285.05,0.03,10.38
285.1,0.03,10.37
285.15,0.03,10.37
285.2,0.02,10.37
285.25,0.02,10.36
285.3,0.02,10.36
285.35,0.02,10.35
285.4,0.02,10.35
285.45,0.03,10.34
285.5,0.03,10.34
285.55,0.03,10.33
285.6,0.03,10.33
285.65,0.03,10.32
285.7,0.03,10.32
285.75,0.03,10.32
285.8,0.03,10.31
285.85,0.03,10.31
285.9,0.03,10.31
285.95,0.03,10.3
286,0.03,10.3
286.05,0.03,10.29
286.1,0.03,10.29
286.15,0.03,10.29
286.2,0.03,10.28
286.25,0.03,10.28
286.3,0.03,10.28
286.35,0.03,10.27
286.4,0.03,10.27
286.45,0.03,10.27
286.5,0.03,10.26
286.55,0.03,10.26
286.6,0.03,10.25
286.65,0.03,10.25
286.7,0.03,10.25
286.75,0.03,10.25
286.8,0.03,10.24
286.85,0.03,10.24
286.9,0.03,10.24
286.95,0.03,10.24
287,0.03,10.23
287.05,0.03,10.23
287.1,0.03,10.23
287.15,0.03,10.22
287.2,0.03,10.22
287.25,0.03,10.22
287.3,0.03,10.22
287.35,0.03,10.21
287.4,0.03,10.21
287.45,0.03,10.21
287.5,0.03,10.2
287.55,0.03,10.2
287.6,0.03,10.2
287.65,0.03,10.2
287.7,0.03,10.19
287.75,0.03,10.19
287.8,0.03,10.19
287.85,0.03,10.18
287.9,0.03,10.18
287.95,0.03,10.18
288,0.03,10.18
288.05,0.03,10.17
288.1,0.03,10.17
288.15,0.03,10.17
288.2,0.03,10.17
288.25,0.03,10.16
288.3,0.03,10.16
288.35,0.03,10.16
288.4,0.03,10.16
288.45,0.03,10.16
288.5,0.03,10.15
288.55,0.03,10.15
288.6,0.03,10.15
288.65,0.03,10.15
288.7,0.03,10.15
288.75,0.03,10.14
288.8,0.03,10.14
288.85,0.03,10.14
288.9,0.03,10.14
288.95,0.03,10.13
289,0.03,10.13
289.05,0.03,10.13
289.1,0.03,10.13
289.15,0.03,10.12
289.2,0.03,10.12
289.25,0.03,10.12
289.3,0.03,10.12
289.35,0.03,10.11
289.4,0.03,10.11
289.45,0.03,10.11
289.5,0.03,10.1
289.55,0.03,10.1
289.6,0.03,10.1
289.65,0.03,10.1
289.7,0.03,10.09
289.75,0.03,10.09
289.8,0.03,10.09
289.85,0.03,10.08
289.9,0.03,10.08
289.95,0.03,10.08
290,0.03,10.08
290.05,0.03,10.07
290.1,0.03,10.07
290.15,0.03,10.07
290.2,0.03,10.06
290.25,0.03,10.06
290.3,0.03,10.06
290.35,0.03,10.05
290.4,0.03,10.05
290.45,0.03,10.05
290.5,0.03,10.04
290.55,0.03,10.04
290.6,0.03,10.04
290.65,0.03,10.04
290.7,0.03,10.03
290.75,0.03,10.03
290.8,0.03,10.03
290.85,0.03,10.02
290.9,0.03,10.02
290.95,0.03,10.02
291,0.03,10.02
291.05,0.03,10.01
291.1,0.03,10.01
291.15,0.03,10.01
291.2,0.03,10
291.25,0.03,10
291.3,0.03,10
291.35,0.03,10
291.4,0.03,9.99
291.45,0.03,9.99
291.5,0.03,9.99
291.55,0.03,9.98
291.6,0.03,9.98
291.65,0.03,9.98
291.7,0.03,9.98
291.75,0.03,9.97
291.8,0.03,9.97
291.85,0.03,9.97
291.9,0.03,9.97
291.95,0.03,9.96
292,0.03,9.96
292.05,0.03,9.96
292.1,0.03,9.96
292.15,0.03,9.95
292.2,0.03,9.95
292.25,0.03,9.95
292.3,0.03,9.94
292.35,0.03,9.94
292.4,0.03,9.94
292.45,0.03,9.94
292.5,0.03,9.93
292.55,0.03,9.93
292.6,0.03,9.93
292.65,0.03,9.93
292.7,0.03,9.92
292.75,0.03,9.92
292.8,0.03,9.92
292.85,0.03,9.92
292.9,0.03,9.92
292.95,0.03,9.91
293,0.03,9.91
293.05,0.03,9.91
293.1,0.03,9.91
293.15,0.03,9.9
293.2,0.03,9.9
293.25,0.03,9.9
293.3,0.03,9.9
293.35,0.03,9.89
293.4,0.03,9.89
293.45,0.03,9.89
293.5,0.03,9.89
293.55,0.03,9.88
293.6,0.03,9.88
293.65,0.03,9.88
293.7,0.03,9.87
293.75,0.03,9.87
293.8,0.03,9.87
293.85,0.03,9.87
293.9,0.03,9.86
293.95,0.03,9.86
294,0.03,9.86
294.05,0.03,9.86
294.1,0.03,9.85
294.15,0.03,9.85
294.2,0.03,9.85
294.25,0.03,9.85
294.3,0.03,9.85
294.35,0.03,9.84
294.4,0.03,9.84
294.45,0.03,9.84
294.5,0.03,9.83
294.55,0.03,9.83
294.6,0.03,9.83
294.65,0.03,9.82
294.7,0.03,9.82
294.75,0.03,9.82
294.8,0.03,9.82
294.85,0.03,9.81
294.9,0.03,9.81
294.95,0.03,9.81
295,0.03,9.81
295.05,0.03,9.8
295.1,0.03,9.8
295.15,0.03,9.8
295.2,0.03,9.8
295.25,0.03,9.79
295.3,0.03,9.79
295.35,0.03,9.79
295.4,0.03,9.78
295.45,0.03,9.78
295.5,0.03,9.78
295.55,0.03,9.78
295.6,0.03,9.77
295.65,0.03,9.77
295.7,0.03,9.77
295.75,0.03,9.77
295.8,0.03,9.76
295.85,0.03,9.76
295.9,0.03,9.76
295.95,0.03,9.76
296,0.03,9.75
296.05,0.03,9.75
296.1,0.03,9.75
296.15,0.03,9.74
296.2,0.03,9.74
296.25,0.03,9.74
296.3,0.03,9.74
296.35,0.03,9.73
296.4,0.03,9.73
296.45,0.03,9.73
296.5,0.03,9.73
296.55,0.03,9.72
296.6,0.03,9.72
296.65,0.03,9.72
296.7,0.03,9.72
296.75,0.03,9.71
296.8,0.03,9.71
296.85,0.03,9.71
296.9,0.03,9.71
296.95,0.03,9.71
297,0.03,9.7
297.05,0.03,9.7
297.1,0.03,9.7
297.15,0.03,9.7
297.2,0.03,9.69
297.25,0.03,9.69
297.3,0.03,9.69
297.35,0.03,9.69
297.4,0.03,9.68
297.45,0.03,9.68
297.5,0.03,9.68
297.55,0.03,9.67
297.6,0.03,9.67
297.65,0.03,9.66
297.7,0.03,9.66
297.75,0.03,9.66
297.8,0.03,9.65
297.85,0.03,9.65
297.9,0.03,9.65
297.95,0.03,9.64
298,0.03,9.64
298.05,0.03,9.64
298.1,0.03,9.63
298.15,0.03,9.63
298.2,0.03,9.62
298.25,0.03,9.62
298.3,0.03,9.62
298.35,0.03,9.61
298.4,0.03,9.61
298.45,0.03,9.6
298.5,0.03,9.6
298.55,0.03,9.6
298.6,0.03,9.59
298.65,0.03,9.59
298.7,0.03,9.59
298.75,0.03,9.58
298.8,0.03,9.58
298.85,0.03,9.57
298.9,0.03,9.57
298.95,0.03,9.57
299,0.03,9.56
299.05,0.03,9.56
299.1,0.03,9.56
299.15,0.03,9.55
299.2,0.03,9.55
299.25,0.03,9.55
299.3,0.03,9.54
299.35,0.03,9.54
299.4,0.03,9.53
299.45,0.03,9.53
299.5,0.03,9.53
299.55,0.03,9.52
299.6,0.03,9.52
299.65,0.03,9.52
299.7,0.03,9.51
299.75,0.03,9.51
299.8,0.03,9.51
299.85,0.03,9.5
299.9,0.03,9.5
299.95,0.03,9.5
300,0.03,9.5
300.05,0.03,9.49
300.1,0.03,9.49
300.15,0.03,9.49
300.2,0.03,9.48
300.25,0.03,9.48
300.3,0.03,9.48
300.35,0.03,9.47
300.4,0.03,9.47
300.45,0.03,9.47
300.5,0.03,9.46
300.55,0.03,9.46
300.6,0.03,9.46
300.65,0.03,9.45
300.7,0.03,9.45
300.75,0.03,9.45
300.8,0.03,9.44
300.85,0.03,9.44
300.9,0.03,9.44
300.95,0.03,9.43
301,0.03,9.43
301.05,0.03,9.43
301.1,0.03,9.42
301.15,0.03,9.42
301.2,0.03,9.42
301.25,0.03,9.41
301.3,0.03,9.41
301.35,0.03,9.41
301.4,0.03,9.4
301.45,0.03,9.4
301.5,0.03,9.4
301.55,0.03,9.4
301.6,0.03,9.39
301.65,0.03,9.39
301.7,0.04,9.39
301.75,0.04,9.39
301.8,0.04,9.39
301.85,0.04,9.39
301.9,0.04,9.39
301.95,0.04,9.39
302,0.04,9.39
302.05,0.05,9.39
302.1,0.05,9.39
302.15,0.05,9.4
302.2,0.05,9.4
302.25,0.05,9.4
302.3,0.05,9.4
302.35,0.05,9.41
302.4,0.05,9.41
302.45,0.06,9.41
302.5,0.06,9.42
302.55,0.06,9.42
302.6,0.06,9.43
302.65,0.06,9.43
302.7,0.06,9.44
302.75,0.06,9.44
302.8,0.06,9.45
302.85,0.06,9.45
302.9,0.06,9.46
302.95,0.06,9.46
303,0.06,9.47
303.05,0.06,9.47
303.1,0.06,9.48
303.15,0.06,9.48
303.2,0.06,9.49
303.25,0.06,9.49
303.3,0.06,9.5
303.35,0.06,9.5
303.4,0.06,9.5
303.45,0.06,9.51
303.5,0.06,9.51
303.55,0.06,9.52
303.6,0.06,9.52
303.65,0.06,9.53
303.7,0.06,9.53
303.75,0.06,9.54
303.8,0.06,9.54
303.85,0.06,9.54
303.9,0.06,9.55
303.95,0.06,9.55
304,0.06,9.56
304.05,0.06,9.56
304.1,0.06,9.57
304.15,0.06,9.57
304.2,0.06,9.58
304.25,0.06,9.58
304.3,0.06,9.58
304.35,0.06,9.59
304.4,0.06,9.59
304.45,0.06,9.6
304.5,0.06,9.6
304.55,0.06,9.61
304.6,0.06,9.61
304.65,0.06,9.62
304.7,0.06,9.62
304.75,0.06,9.63
304.8,0.06,9.63
304.85,0.06,9.64
304.9,0.06,9.64
304.95,0.06,9.64
305,0.06,9.65
305.05,0.06,9.65
305.1,0.06,9.66
305.15,0.06,9.66
305.2,0.06,9.67
305.25,0.06,9.67
305.3,0.06,9.68
305.35,0.06,9.68
305.4,0.06,9.68
305.45,0.06,9.69
305.5,0.06,9.69
305.55,0.06,9.7
305.6,0.06,9.7
305.65,0.06,9.71
305.7,0.06,9.71
305.75,0.06,9.71
305.8,0.06,9.72
305.85,0.06,9.72
305.9,0.06,9.73
305.95,0.06,9.73
306,0.06,9.73
306.05,0.06,9.74
306.1,0.06,9.74
306.15,0.06,9.75
306.2,0.06,9.75
306.25,0.06,9.76
306.3,0.04,9.76
306.35,0.02,9.77
306.4,-0.01,9.77
306.45,-0.05,9.77
306.5,-0.09,9.78
306.55,-0.12,9.78
306.6,-0.16,9.71
306.65,-0.19,9.62
306.7,-0.23,9.53
306.75,-0.26,9.44
306.8,-0.29,9.34
306.85,-0.32,9.25
306.9,-0.34,9.16
306.95,-0.37,9.07
307,-0.39,8.98
307.05,-0.41,8.89
307.1,-0.43,8.79
307.15,-0.45,8.64
307.2,-0.47,8.46
307.25,-0.48,8.28
307.3,-0.5,8.1
307.35,-0.51,7.93
307.4,-0.51,7.75
307.45,-0.5,7.57
307.5,-0.48,7.39
307.55,-0.46,7.21
307.6,-0.44,7.04
307.65,-0.42,6.86
307.7,-0.4,6.68
307.75,-0.39,6.5
307.8,0,0
307.85,0,0
307.9,0,0
307.95,0,0
308,0,0
308.05,0,0
308.1,0,0
308.15,0,0
308.2,0,0
308.25,0,0
308.3,0,0
308.35,0,0
308.4,0,0
308.45,0,0
308.5,0,0
308.55,0,0
308.6,0,0
308.65,0,0
308.7,0,0
308.75,0,0
308.8,0,0
308.85,0,0
308.9,0,0
308.95,0,0
309,0,0
